Line in export;Legacy ID;Status;Issue(s);N° client;Raison sociale;SIRET;Adresse;CP;Ville;Tél;Email;Date création;Commercial
2;CL00002;REJECTED - needs your decision;postcode: Postcode '1000' must be 5 digits;CL00002;Garage David;01338908386371;2 avenue des Écoles;1000;Bourg-en-Bresse;04 72 18 19 60;contact@garage-david.fr;03/03/18;Sophie Laurent
5;CL00005;REJECTED - needs your decision;postcode: Postcode '1600' must be 5 digits;CL00005;Mathieu Émilie;;41 place Jean Jaurès;1600;Trévoux;07 53 28 71 01;emilie.mathieu@orange.fr;13/03/2023;Élodie Garnier
7;CL00007;REJECTED - needs your decision;postcode: Postcode '1100' must be 5 digits;CL00007;Auto-école Guérin;54303911718222;141 avenue des Tilleuls;1100;Oyonnax;0437095701;contact@auto-ecole-guerin.fr;16/08/2015;Élodie Garnier
10;CL00010;REJECTED - needs your decision;postcode: Postcode '1100' must be 5 digits;CL00010;Laurent Julien;;61 avenue du Stade;1100;Oyonnax;06 17 81 08 01;julien.laurent@laposte.net;23/01/2022;Claire Moreau
11;CL00011;REJECTED - needs your decision;postcode: Postcode '1000' must be 5 digits;CL00011;Sanchez Manon;;139 rue des Écoles;1000;Bourg-en-Bresse;07 68 72 34 30;manon.sanchez@laposte.net;03/10/2020;Élodie Garnier
12;CL00012;MIGRATED with warning;phone: Phone '04.37.13.61.93' is not in a recognised format (loaded empty);CL00012;Pharmacie Laurent;99091699854353;102 avenue des Écoles;69500;Bron;04.37.13.61.93;contact@pharmacie-laurent.fr;18/10/2013;Claire Moreau
15;CL00018;MIGRATED with warning;phone: Phone '33750533158' is not in a recognised format (loaded empty);CL00018;François Nicolas;;105 avenue Victor Hugo;38200;Vienne;33750533158;nicolas.francois@gmail.com;23/01/2025;Julien Petit
16;CL00019;REJECTED - needs your decision;postcode: Postcode '1000' must be 5 digits | phone: Phone '33642160733' is not in a recognised format (loaded empty);CL00019;Bonnet Manon;;118 chemin des Tilleuls;1000;Bourg-en-Bresse;33642160733;manon.bonnet@wanadoo.fr;14/06/19;Julien Petit
17;CL00020;REJECTED - needs your decision;postcode: Postcode '1500' must be 5 digits;CL00020;Restaurant Masson;42940196556986;148 avenue des Tilleuls;1500;Ambérieu-en-Bugey;04 78 86 85 01;contact@restaurant-masson.fr;22/07/2013;Élodie Garnier
19;CL00022;REJECTED - needs your decision;postcode: Postcode '1600' must be 5 digits | phone: Phone '06 14 89 51' is not in a recognised format (loaded empty);CL00022;Michel Inès;;51 avenue de la République;1600;Trévoux;06 14 89 51;ines.michel@laposte.net;28/11/2021;Claire Moreau
22;CL00025;REJECTED - needs your decision;postcode: Postcode '1600' must be 5 digits | phone: Phone '33472362316' is not in a recognised format (loaded empty);CL00025;Cabinet dentaire Richard;65876036690969;91 chemin de la Gare;1600;Trévoux;33472362316;contact@cabinet-dentaire-richard.fr;11/02/2024;Élodie Garnier
26;CL00029;MIGRATED with warning;phone: Phone '07.86.51.85.06' is not in a recognised format (loaded empty);CL00029;Sanchez Hugo;;28 place des Tilleuls;71000;Mâcon;07.86.51.85.06;hugo.sanchez@gmail.com;19/06/2025;Julien Petit
28;CL00031;REJECTED - needs your decision;postcode: Postcode '1500' must be 5 digits;CL00031;Garage Blanc;77014363495788;109 chemin des Tilleuls;1500;Ambérieu-en-Bugey;04 74 36 78 37;contact@garage-blanc.fr;24/03/2012;Claire Moreau
29;CL00032;REJECTED - needs your decision;postcode: Postcode '1600' must be 5 digits;CL00032;Dumont Isabelle;;93 avenue des Tilleuls;1600;Trévoux;0674989413;isabelle.dumont@orange.fr;07/01/2024;Claire Moreau
30;CL00033;MIGRATED with warning;phone: Phone '07 71 16 71' is not in a recognised format (loaded empty);CL00033;Robin Karim;;145 chemin de la République;69400;Villefranche-sur-Saône;07 71 16 71;karim.robin@gmail.com;2014-10-31;Karim Benali
31;CL00034;MIGRATED with warning;phone: Phone '07.96.49.90.91' is not in a recognised format (loaded empty);CL00034;Dupont Émilie;;54 avenue des Tilleuls;71000;Mâcon;07.96.49.90.91;emilie.dupont@laposte.net;22/01/17;Julien Petit
32;CL00035;REJECTED - needs your decision;postcode: Postcode '1100' must be 5 digits;CL00035;Librairie Martinez;71349361832426;43 chemin Jean Jaurès;1100;Oyonnax;0437740344;contact@librairie-martinez.fr;28/02/2021;Claire Moreau
33;CL00036;REJECTED - needs your decision;postcode: Postcode '1600' must be 5 digits;CL00036;Fromagerie Roux;59401399049022;167 place des Tilleuls;1600;Trévoux;0437771906;contact@fromagerie-roux.fr;10/01/2021;Karim Benali
35;CL00038;MIGRATED with warning;phone: Phone '07 70 34 82' is not in a recognised format (loaded empty);CL00038;Blanc Camille;;125 rue de la République;69100;Villeurbanne;07 70 34 82;camille.blanc@sfr.fr;08/04/2021;Julien Petit
36;CL00039;REJECTED - needs your decision;postcode: Postcode '1600' must be 5 digits;CL00039;Richard Nathalie;;35 rue des Tilleuls;1600;Trévoux;+33 7 37 82 63 98;nathalie.richard@gmail.com;22/04/2012;Élodie Garnier
38;CL00041;REJECTED - needs your decision;postcode: Postcode '1000' must be 5 digits | phone: Phone '04.74.71.87.02' is not in a recognised format (loaded empty);CL00041;Hôtel Roussel;62174596158657;125 rue Jean Jaurès;1000;Bourg-en-Bresse;04.74.71.87.02;contact@hotel-roussel.fr;07/04/2023;Julien Petit
39;CL00042;MIGRATED with warning;phone: Phone '07.62.38.69.22' is not in a recognised format (loaded empty);CL00042;Lopez Noémie;;157 place Jean Jaurès;69003;Lyon;07.62.38.69.22;noemie.lopez@gmail.com;17/03/2014;Élodie Garnier
40;CL00043;MIGRATED with warning;phone: Phone '07 82 17 59' is not in a recognised format (loaded empty);CL00043;Clément Jean;;117 chemin Victor Hugo;69003;Lyon;07 82 17 59;jean.clement@laposte.net;11/09/2017;Claire Moreau
43;CL00046;REJECTED - needs your decision;postcode: Postcode '1300' must be 5 digits | phone: Phone '33478160481' is not in a recognised format (loaded empty);CL00046;Fromagerie Boyer;75496513709857;57 rue des Écoles;1300;Belley;33478160481;contact@fromagerie-boyer.fr;29/11/2020;Karim Benali
44;CL00047;REJECTED - needs your decision;postcode: Postcode '1000' must be 5 digits;CL00047;Faure Sophie;;40 place des Écoles;1000;Bourg-en-Bresse;0682675869;sophie.faure@gmail.com;31/10/2012;Sophie Laurent
45;CL00050;REJECTED - needs your decision;postcode: Postcode '1300' must be 5 digits;CL00050;Mercier Sophie;;55 rue de la République;1300;Belley;07 85 06 43 17;sophie.mercier@wanadoo.fr;21/12/21;Élodie Garnier
46;CL00051;MIGRATED with warning;email: 'olivier.michel@orange' is not a valid email address (loaded empty);CL00051;Michel Olivier;;14 avenue des Écoles;38200;Vienne;06 10 20 53 95;olivier.michel@orange;2024-06-06;Claire Moreau
47;CL00052;MIGRATED with warning;phone: Phone '03.85.83.90.84' is not in a recognised format (loaded empty);CL00052;Pharmacie Roussel;70076617711598;33 chemin Jean Jaurès;71000;Mâcon;03.85.83.90.84;contact@pharmacie-roussel.fr;06/07/2023;Sophie Laurent
49;CL00054;MIGRATED with warning;"possible duplicate of CL00210 (same name + postcode); loaded separately, please confirm";CL00054;Roussel Léa;;160 rue Jean Jaurès;71000;Mâcon;;lea.roussel@sfr.fr;01/12/2014;Sophie Laurent
50;CL00057;MIGRATED with warning;phone: Phone '07.67.52.54.59' is not in a recognised format (loaded empty);CL00057;André Jean;;14 avenue Victor Hugo;69400;Villefranche-sur-Saône;07.67.52.54.59;jean.andre@orange.fr;2018-12-06;Claire Moreau
52;CL00059;REJECTED - needs your decision;postcode: Postcode '1500' must be 5 digits;CL00059;Salon de coiffure Martin;85160607159696;164 place des Tilleuls;1500;Ambérieu-en-Bugey;03 85 22 68 38;contact@salon-de-coiffure-martin.fr;09/09/2014;Élodie Garnier
55;CL00062;REJECTED - needs your decision;postcode: Postcode '1000' must be 5 digits;CL00062;Thomas Camille;;11 place de la Gare;1000;Bourg-en-Bresse;06 19 98 67 98;camille.thomas@free.fr;10/05/2022;Élodie Garnier
56;CL00063;REJECTED - needs your decision;postcode: Postcode '1000' must be 5 digits | phone: Phone '06.82.03.77.88' is not in a recognised format (loaded empty);CL00063;Lemaire Antoine;;94 chemin des Tilleuls;1000;Bourg-en-Bresse;06.82.03.77.88;antoine.lemaire@wanadoo.fr;27/04/2014;Claire Moreau
57;CL00064;MIGRATED with warning;phone: Phone '04.37.64.49.25' is not in a recognised format (loaded empty);CL00064;Pharmacie Girard;19254629148653;172 rue des Écoles;69400;Villefranche-sur-Saône;04.37.64.49.25;contact@pharmacie-girard.fr;23/06/2013;Claire Moreau
58;CL00065;REJECTED - needs your decision;postcode: Postcode '1100' must be 5 digits;CL00065;Auto-école Girard;18880592962224;160 avenue des Écoles;1100;Oyonnax;03 85 33 22 14;contact@auto-ecole-girard.fr;20/10/2016;Julien Petit
61;CL00068;REJECTED - needs your decision;postcode: Postcode '1300' must be 5 digits;CL00068;Bernard Antoine;;74 avenue des Tilleuls;1300;Belley;06 10 43 28 98;antoine.bernard@gmail.com;30/10/2013;Élodie Garnier
62;CL00069;REJECTED - needs your decision;postcode: Postcode '1000' must be 5 digits;CL00069;Fromagerie Nicolas;09539621851888;130 rue du Stade;1000;Bourg-en-Bresse;04 74 89 32 46;contact@fromagerie-nicolas.fr;18/03/2023;Sophie Laurent
63;CL00070;REJECTED - needs your decision;postcode: Postcode '1000' must be 5 digits;CL00070;Garage André;52772217043034;81 chemin Jean Jaurès;1000;Bourg-en-Bresse;+33 4 74 95 20 58;contact@garage-andre.fr;07/07/2013;Claire Moreau
65;CL00072;MIGRATED with warning;phone: Phone '07.44.79.62.75' is not in a recognised format (loaded empty);CL00072;Morel Sophie;;91 place des Tilleuls;69100;Villeurbanne;07.44.79.62.75;sophie.morel@gmail.com;18/01/2016;Claire Moreau
68;CL00075;MIGRATED with warning;phone: Phone '33474884422' is not in a recognised format (loaded empty);CL00075;Hôtel Clément;58313237058951;142 avenue Jean Jaurès;69500;Bron;33474884422;contact@hotel-clement.fr;2019-03-03;Karim Benali
70;CL00077;MIGRATED with warning;phone: Phone '07.84.14.38.42' is not in a recognised format (loaded empty);CL00077;Morel Yannick;;158 rue Jean Jaurès;69003;Lyon;07.84.14.38.42;yannick.morel@orange.fr;27/10/2018;Élodie Garnier
72;CL00079;REJECTED - needs your decision;postcode: Postcode '1000' must be 5 digits;CL00079;Salon de coiffure Simon;55562588153711;64 avenue de la République;1000;Bourg-en-Bresse;;contact@salon-de-coiffure-simon.fr;05/05/2013;Karim Benali
74;CL00081;MIGRATED with warning;phone: Phone '06.98.35.84.16' is not in a recognised format (loaded empty);CL00081;Mercier Marie;;141 chemin de la Gare;01500;Ambérieu-en-Bugey;06.98.35.84.16;marie.mercier@laposte.net;2020-03-15;Claire Moreau
76;CL00083;REJECTED - needs your decision;postcode: Postcode '1600' must be 5 digits;CL00083;Chevalier Olivier;;173 rue du Stade;1600;Trévoux;+33 7 88 87 94 70;olivier.chevalier@free.fr;24/10/2020;Claire Moreau
77;CL00084;REJECTED - needs your decision;postcode: Postcode '1500' must be 5 digits | phone: Phone '04.74.97.28.96' is not in a recognised format (loaded empty);CL00084;Garage Henry;23091307562639;157 place de la Gare;1500;Ambérieu-en-Bugey;04.74.97.28.96;contact@garage-henry.fr;21/12/2024;Élodie Garnier
78;CL00085;REJECTED - needs your decision;postcode: Postcode '1600' must be 5 digits | phone: Phone '04.78.27.85.85' is not in a recognised format (loaded empty);CL00085;Crèche Blanc;49733484344378;90 chemin des Tilleuls;1600;Trévoux;04.78.27.85.85;contact@creche-blanc.fr;23/09/2022;Karim Benali
79;CL00086;MIGRATED with warning;phone: Phone '07.74.73.38.48' is not in a recognised format (loaded empty);CL00086;Vincent Yannick;;36 rue Jean Jaurès;69500;Bron;07.74.73.38.48;yannick.vincent@gmail.com;14/04/15;Claire Moreau
80;CL00087;MIGRATED with warning;phone: Phone '33645401938' is not in a recognised format (loaded empty);CL00087;Bonnet Antoine;;10 avenue du Stade;69100;Villeurbanne;33645401938;antoine.bonnet@wanadoo.fr;22/03/17;Claire Moreau
82;CL00089;REJECTED - needs your decision;postcode: Postcode '1600' must be 5 digits | email: 'contact@restaurant-mathieu' is not a valid email address (loaded empty);CL00089;Restaurant Mathieu;96685161227536;61 place de la Gare;1600;Trévoux;04 72 05 49 32;contact@restaurant-mathieu;17/04/2022;Élodie Garnier
84;CL00094;MIGRATED with warning;phone: Phone '33698225871' is not in a recognised format (loaded empty);CL00094;Henry Sophie;;150 place de la République;69100;Villeurbanne;33698225871;sophie.henry@gmail.com;11/02/2020;Claire Moreau
85;CL00095;MIGRATED with warning;phone: Phone '07 51 80 17' is not in a recognised format (loaded empty);CL00095;Muller Émilie;;35 place des Tilleuls;69003;Lyon;07 51 80 17;emilie.muller@wanadoo.fr;31/03/2022;Karim Benali
90;CL00100;REJECTED - needs your decision;postcode: Postcode '1100' must be 5 digits | phone: Phone '06.54.03.31.73' is not in a recognised format (loaded empty);CL00100;Muller Thomas;;53 place Victor Hugo;1100;Oyonnax;06.54.03.31.73;thomas.muller@laposte.net;06/03/2025;Élodie Garnier
92;CL00102;REJECTED - needs your decision;postcode: Postcode '1300' must be 5 digits;CL00102;Garage Lemaire;25228728080100;106 avenue de la Gare;1300;Belley;03 85 85 47 77;contact@garage-lemaire.fr;11/10/24;Julien Petit
94;CL00104;MIGRATED with warning;phone: Phone '06.02.17.65.91' is not in a recognised format (loaded empty);CL00104;David Yannick;;11 avenue Victor Hugo;01000;Bourg-en-Bresse;06.02.17.65.91;yannick.david@orange.fr;08/02/2021;Sophie Laurent
95;CL00105;REJECTED - needs your decision;postcode: Postcode '1000' must be 5 digits;CL00105;Henry Aurélie;;62 place des Écoles;1000;Bourg-en-Bresse;06 50 39 26 14;aurelie.henry@gmail.com;15/04/2018;Julien Petit
96;CL00106;MIGRATED with warning;email: 'marie.andre@gmail' is not a valid email address (loaded empty);CL00106;André Marie;;116 place Victor Hugo;69400;Villefranche-sur-Saône;07 31 59 99 65;marie.andre@gmail;04/10/2013;Karim Benali
99;CL00111;REJECTED - needs your decision;postcode: Postcode '1500' must be 5 digits;CL00111;Lefèvre Émilie;;167 avenue des Tilleuls;1500;Ambérieu-en-Bugey;;emilie.lefevre@gmail.com;13/02/23;Sophie Laurent
100;CL00112;MIGRATED with warning;phone: Phone '06.56.46.51.93' is not in a recognised format (loaded empty);CL00112;Dumont Mathieu;;140 avenue des Écoles;69001;Lyon;06.56.46.51.93;mathieu.dumont@laposte.net;2019-02-27;Karim Benali
101;CL00113;REJECTED - needs your decision;postcode: Postcode '1300' must be 5 digits | phone: Phone '07.97.96.88.68' is not in a recognised format (loaded empty);CL00113;Robert Olivier;;93 rue de la République;1300;Belley;07.97.96.88.68;olivier.robert@laposte.net;14/07/2018;Élodie Garnier
104;CL00116;REJECTED - needs your decision;postcode: Postcode '1100' must be 5 digits;CL00116;Chevalier Chloé;;138 avenue des Tilleuls;1100;Oyonnax;0796603341;chloe.chevalier@orange.fr;10/09/2021;Karim Benali
109;CL00121;REJECTED - needs your decision;postcode: Postcode '1500' must be 5 digits | phone: Phone '06.60.42.23.25' is not in a recognised format (loaded empty);CL00121;Rousseau Aurélie;;174 place du Stade;1500;Ambérieu-en-Bugey;06.60.42.23.25;aurelie.rousseau@gmail.com;04/11/2024;Karim Benali
114;CL00126;REJECTED - needs your decision;postcode: Postcode '1000' must be 5 digits;CL00126;Robert Inès;;19 rue Jean Jaurès;1000;Bourg-en-Bresse;07 52 69 65 82;ines.robert@gmail.com;2023-03-16;Claire Moreau
118;CL00130;REJECTED - needs your decision;postcode: Postcode '1000' must be 5 digits;CL00130;Boulangerie Martin;20863536541953;173 rue Victor Hugo;1000;Bourg-en-Bresse;0474307562;contact@boulangerie-martin.fr;2023-05-31;Karim Benali
120;CL00132;REJECTED - needs your decision;postcode: Postcode '1000' must be 5 digits;CL00132;Fontaine Céline;;60 place des Écoles;1000;Bourg-en-Bresse;0683670241;celine.fontaine@gmail.com;09/06/2020;Élodie Garnier
121;CL00133;REJECTED - needs your decision;postcode: Postcode '1000' must be 5 digits;CL00133;Henry Marie;;20 avenue Victor Hugo;1000;Bourg-en-Bresse;0634456557;marie.henry@laposte.net;04/11/20;Julien Petit
124;CL00139;MIGRATED with warning;phone: Phone '07 87 01 46' is not in a recognised format (loaded empty);CL00139;Laurent Julien;;135 avenue des Écoles;69003;Lyon;07 87 01 46;julien.laurent@free.fr;09/12/2019;Claire Moreau
125;CL00140;MIGRATED with warning;phone: Phone '07 64 20 59' is not in a recognised format (loaded empty);CL00140;Sanchez Karim;;72 rue de la Gare;71000;Mâcon;07 64 20 59;karim.sanchez@free.fr;20/01/2020;Élodie Garnier
130;CL00145;MIGRATED with warning;phone: Phone '33627104054' is not in a recognised format (loaded empty);CL00145;Dupont Sophie;;19 chemin Victor Hugo;69003;Lyon;33627104054;sophie.dupont@laposte.net;29/06/20;Claire Moreau
132;CL00147;REJECTED - needs your decision;postcode: Postcode '1500' must be 5 digits;CL00147;Boulangerie Petit;06149731032412;30 chemin de la Gare;1500;Ambérieu-en-Bugey;0385987205;contact@boulangerie-petit.fr;29/04/2017;Claire Moreau
133;CL00148;MIGRATED with warning;phone: Phone '04.72.70.47.74' is not in a recognised format (loaded empty);CL00148;Hôtel Dupont;34902115869387;100 place Jean Jaurès;69001;Lyon;04.72.70.47.74;contact@hotel-dupont.fr;27/04/2020;Élodie Garnier
134;CL00149;MIGRATED with warning;phone: Phone '06 17 22 33' is not in a recognised format (loaded empty);CL00149;Lopez Marie;;175 place Victor Hugo;69003;Lyon;06 17 22 33;marie.lopez@sfr.fr;08/10/2013;Élodie Garnier
140;CL00155;REJECTED - needs your decision;postcode: Postcode '1600' must be 5 digits;CL00155;Dupont Noémie;;131 chemin Jean Jaurès;1600;Trévoux;0743748969;noemie.dupont@free.fr;05/03/2018;Claire Moreau
141;CL00156;REJECTED - needs your decision;postcode: Postcode '1600' must be 5 digits;CL00156;Roux Julien;;7 place des Tilleuls;1600;Trévoux;07 32 83 09 65;julien.roux@wanadoo.fr;14/03/2018;Claire Moreau
142;CL00157;MIGRATED with warning;phone: Phone '33472875842' is not in a recognised format (loaded empty);CL00157;Librairie Girard;82417248251354;79 place de la Gare;69500;Bron;33472875842;contact@librairie-girard.fr;04/04/2016;Élodie Garnier
144;CL00159;REJECTED - needs your decision;postcode: Postcode '1000' must be 5 digits | phone: Phone '06.71.29.66.66' is not in a recognised format (loaded empty);CL00159;Masson Isabelle;;99 rue de la République;1000;Bourg-en-Bresse;06.71.29.66.66;isabelle.masson@sfr.fr;18/02/2018;Sophie Laurent
146;CL00161;MIGRATED with warning;phone: Phone '06.60.33.23.09' is not in a recognised format (loaded empty);CL00161;Faure Camille;;32 chemin des Écoles;38200;Vienne;06.60.33.23.09;camille.faure@orange.fr;2015-01-01;Sophie Laurent
147;CL00162;MIGRATED with warning;phone: Phone '33474001676' is not in a recognised format (loaded empty);CL00162;Boucherie Thomas;18472304618490;36 place de la Gare;69400;Villefranche-sur-Saône;33474001676;contact@boucherie-thomas.fr;27/04/2025;Élodie Garnier
148;CL00163;MIGRATED with warning;phone: Phone '04.37.34.83.56' is not in a recognised format (loaded empty);CL00163;Garage Faure;42087375300115;172 place Victor Hugo;01000;Bourg-en-Bresse;04.37.34.83.56;contact@garage-faure.fr;2014-05-20;Claire Moreau
156;CL00171;REJECTED - needs your decision;postcode: Postcode '1000' must be 5 digits | phone: Phone '07.83.33.94.52' is not in a recognised format (loaded empty);CL00171;Chevalier Inès;;167 avenue Jean Jaurès;1000;Bourg-en-Bresse;07.83.33.94.52;ines.chevalier@free.fr;04/04/2021;Sophie Laurent
160;CL00175;REJECTED - needs your decision;postcode: Postcode '1100' must be 5 digits;CL00175;Richard Camille;;167 rue de la République;1100;Oyonnax;06 55 54 39 87;camille.richard@orange.fr;06/03/2024;Élodie Garnier
161;CL00176;REJECTED - needs your decision;postcode: Postcode '1500' must be 5 digits;CL00176;Morel Hélène;;12 chemin des Écoles;1500;Ambérieu-en-Bugey;0748408588;helene.morel@gmail.com;22/11/2012;Julien Petit
164;CL00179;REJECTED - needs your decision;postcode: Postcode '1000' must be 5 digits;CL00179;Dubois Jean;;132 avenue Victor Hugo;1000;Bourg-en-Bresse;0788143536;jean.dubois@sfr.fr;13/06/2024;Claire Moreau
166;CL00181;MIGRATED with warning;phone: Phone '07.56.20.53.36' is not in a recognised format (loaded empty);CL00181;Dumont Hugo;;93 avenue des Écoles;69003;Lyon;07.56.20.53.36;hugo.dumont@orange.fr;28/10/2025;Karim Benali
167;CL00182;MIGRATED with warning;phone: Phone '04.72.91.42.83' is not in a recognised format (loaded empty);CL00182;Pharmacie Muller;41108099693089;139 place des Écoles;71000;Mâcon;04.72.91.42.83;contact@pharmacie-muller.fr;03/12/2022;Julien Petit
170;CL00185;REJECTED - needs your decision;postcode: Postcode '1000' must be 5 digits;CL00185;Rousseau Mathieu;;30 place des Écoles;1000;Bourg-en-Bresse;06 22 25 91 36;mathieu.rousseau@free.fr;18/09/15;Karim Benali
171;CL00187;REJECTED - needs your decision;postcode: Postcode '1000' must be 5 digits;CL00187;Morin Inès;;170 chemin de la République;1000;Bourg-en-Bresse;0602428699;ines.morin@gmail.com;14/04/2025;Karim Benali
180;CL00196;MIGRATED with warning;phone: Phone '06.33.43.33.39' is not in a recognised format (loaded empty);CL00196;Gauthier Thomas;;28 rue de la République;69100;Villeurbanne;06.33.43.33.39;thomas.gauthier@laposte.net;06/02/2016;Élodie Garnier
182;CL00201;REJECTED - needs your decision;postcode: Postcode '1000' must be 5 digits;CL00201;Hôtel Legrand;59428434795525;54 place des Écoles;1000;Bourg-en-Bresse;04 74 03 69 15;contact@hotel-legrand.fr;16/08/2023;Karim Benali
183;CL00202;REJECTED - needs your decision;postcode: Postcode '1000' must be 5 digits;CL00202;Garage Gauthier;22702672885741;146 rue du Stade;1000;Bourg-en-Bresse;04 74 43 86 63;contact@garage-gauthier.fr;30/11/24;Sophie Laurent
185;CL00204;MIGRATED with warning;phone: Phone '06.25.69.96.11' is not in a recognised format (loaded empty);CL00204;Vincent Émilie;;59 chemin des Tilleuls;71000;Mâcon;06.25.69.96.11;emilie.vincent@wanadoo.fr;04/10/2013;Élodie Garnier
186;CL00205;REJECTED - needs your decision;postcode: Postcode '1500' must be 5 digits | phone: Phone '33762202341' is not in a recognised format (loaded empty);CL00205;Mercier Sandrine;;102 rue de la République;1500;Ambérieu-en-Bugey;33762202341;sandrine.mercier@sfr.fr;23/12/2021;Claire Moreau
189;CL00208;MIGRATED with warning;phone: Phone '07.63.26.63.41' is not in a recognised format (loaded empty);CL00208;Lefèvre François;;62 chemin des Tilleuls;69100;Villeurbanne;07.63.26.63.41;francois.lefevre@sfr.fr;29/02/2012;Sophie Laurent
191;CL00210;MIGRATED with warning;"possible duplicate of CL00054 (same name + postcode); loaded separately, please confirm";CL00210;Roussel Léa;;101 rue Jean Jaurès;71000;Mâcon;0747570512;lea.roussel@free.fr;19/05/15;Sophie Laurent
192;CL00211;MIGRATED with warning;phone: Phone '33472673037' is not in a recognised format (loaded empty);CL00211;Librairie Masson;18376452088143;77 avenue des Tilleuls;38200;Vienne;33472673037;contact@librairie-masson.fr;26/09/2014;Julien Petit
193;CL00212;REJECTED - needs your decision;postcode: Postcode '1300' must be 5 digits;CL00212;Boulangerie Morel;09792513271950;161 rue de la République;1300;Belley;04 72 49 16 30;contact@boulangerie-morel.fr;26/09/2021;Claire Moreau
194;CL00213;REJECTED - needs your decision;postcode: Postcode '1300' must be 5 digits;CL00213;Robin Camille;;139 place Victor Hugo;1300;Belley;0606524077;camille.robin@laposte.net;10/07/2024;Karim Benali
195;CL00214;MIGRATED with warning;"possible duplicate of CL00388 (same name + postcode); loaded separately, please confirm";CL00214;Blanc Nicolas;;159 chemin de la Gare;38200;Vienne;0748570862;nicolas.blanc@laposte.net;08/06/2024;Claire Moreau
198;CL00217;REJECTED - needs your decision;postcode: Postcode '1100' must be 5 digits;CL00217;Librairie Bonnet;28685289755858;106 place de la Gare;1100;Oyonnax;0474957612;contact@librairie-bonnet.fr;08/07/2024;Julien Petit
205;CL00224;MIGRATED with warning;phone: Phone '06.42.04.39.40' is not in a recognised format (loaded empty);CL00224;Clément Jean;;3 rue du Stade;71000;Mâcon;06.42.04.39.40;jean.clement@laposte.net;03/03/2015;Sophie Laurent
206;CL00225;REJECTED - needs your decision;postcode: Postcode '1000' must be 5 digits;CL00225;Dupont Inès;;144 rue de la République;1000;Bourg-en-Bresse;0657981238;ines.dupont@wanadoo.fr;01/09/2020;Karim Benali
207;CL00226;MIGRATED with warning;phone: Phone '33478384046' is not in a recognised format (loaded empty);CL00226;Boucherie André;08432562168937;147 avenue du Stade;01000;Bourg-en-Bresse;33478384046;contact@boucherie-andre.fr;22/11/2019;Élodie Garnier
209;CL00228;REJECTED - needs your decision;postcode: Postcode '1100' must be 5 digits;CL00228;Robin Chloé;;177 place Victor Hugo;1100;Oyonnax;0799939330;chloe.robin@sfr.fr;13/12/2014;Sophie Laurent
211;CL00230;MIGRATED with warning;phone: Phone '06.88.60.86.80' is not in a recognised format (loaded empty);CL00230;Martinez Émilie;;113 place des Tilleuls;69400;Villefranche-sur-Saône;06.88.60.86.80;emilie.martinez@gmail.com;11/11/2012;Julien Petit
212;CL00231;MIGRATED with warning;phone: Phone '04.72.77.18.12' is not in a recognised format (loaded empty);CL00231;Fromagerie Dumont;98266570279372;83 avenue des Écoles;69100;Villeurbanne;04.72.77.18.12;contact@fromagerie-dumont.fr;2013-03-22;Karim Benali
213;CL00232;REJECTED - needs your decision;postcode: Postcode '1000' must be 5 digits | phone: Phone '04.37.92.68.60' is not in a recognised format (loaded empty);CL00232;Auto-école Fontaine;25922220644740;31 avenue Victor Hugo;1000;Bourg-en-Bresse;04.37.92.68.60;contact@auto-ecole-fontaine.fr;2020-08-12;Karim Benali
217;CL00237;REJECTED - needs your decision;postcode: Postcode '1100' must be 5 digits | phone: Phone '04.78.30.10.71' is not in a recognised format (loaded empty);CL00237;Librairie Garcia;39660558303448;79 chemin Jean Jaurès;1100;Oyonnax;04.78.30.10.71;contact@librairie-garcia.fr;2025-09-01;Sophie Laurent
219;CL00239;REJECTED - needs your decision;postcode: Postcode '1500' must be 5 digits;CL00239;Dupont Mathieu;;70 place de la République;1500;Ambérieu-en-Bugey;06 99 62 91 45;mathieu.dupont@sfr.fr;12/09/2012;Sophie Laurent
220;CL00240;REJECTED - needs your decision;postcode: Postcode '1600' must be 5 digits | phone: Phone '06.78.07.82.35' is not in a recognised format (loaded empty);CL00240;Dubois Rémi;;135 chemin de la Gare;1600;Trévoux;06.78.07.82.35;remi.dubois@orange.fr;2014-07-08;Élodie Garnier
221;CL00241;REJECTED - needs your decision;postcode: Postcode '1000' must be 5 digits;CL00241;Lopez Noémie;;169 chemin de la République;1000;Bourg-en-Bresse;06 04 09 15 70;noemie.lopez@sfr.fr;26/10/2012;Sophie Laurent
222;CL00242;REJECTED - needs your decision;postcode: Postcode '1500' must be 5 digits;CL00242;Auto-école Morel;09881385854249;44 rue des Tilleuls;1500;Ambérieu-en-Bugey;03 85 14 22 41;contact@auto-ecole-morel.fr;09/12/2023;Julien Petit
223;CL00246;REJECTED - needs your decision;postcode: Postcode '1000' must be 5 digits;CL00246;Pharmacie Thomas;54538179217173;165 place du Stade;1000;Bourg-en-Bresse;03 85 62 99 79;contact@pharmacie-thomas.fr;08/08/2020;Élodie Garnier
226;CL00249;MIGRATED with warning;phone: Phone '06.72.46.19.19' is not in a recognised format (loaded empty);CL00249;David Isabelle;;98 chemin du Stade;69003;Lyon;06.72.46.19.19;isabelle.david@wanadoo.fr;2019-09-04;Julien Petit
228;CL00251;REJECTED - needs your decision;postcode: Postcode '1000' must be 5 digits | phone: Phone '33474403696' is not in a recognised format (loaded empty);CL00251;Hôtel Denis;56666832723861;93 place Victor Hugo;1000;Bourg-en-Bresse;33474403696;contact@hotel-denis.fr;23/07/24;Claire Moreau
229;CL00252;REJECTED - needs your decision;postcode: Postcode '1000' must be 5 digits;CL00252;Leroy Pierre;;116 place des Tilleuls;1000;Bourg-en-Bresse;07 79 69 27 86;pierre.leroy@orange.fr;2022-12-01;Karim Benali
230;CL00253;REJECTED - needs your decision;postcode: Postcode '1300' must be 5 digits;CL00253;Guérin Hugo;;135 chemin du Stade;1300;Belley;0609751971;hugo.guerin@free.fr;03/04/2023;Julien Petit
232;CL00255;REJECTED - needs your decision;postcode: Postcode '1000' must be 5 digits;CL00255;Restaurant Chevalier;04904712814424;71 chemin de la République;1000;Bourg-en-Bresse;0437407929;contact@restaurant-chevalier.fr;27/05/2025;Julien Petit
234;CL00257;MIGRATED with warning;"possible duplicate of CL00320 (same name + postcode); loaded separately, please confirm";CL00257;Gauthier Yannick;;136 rue de la République;71000;Mâcon;;yannick.gauthier@laposte.net;11/12/2023;Karim Benali
237;CL00261;REJECTED - needs your decision;postcode: Postcode '1100' must be 5 digits | phone: Phone '04.78.47.17.46' is not in a recognised format (loaded empty);CL00261;Cabinet dentaire Dumont;54214066504426;126 avenue Jean Jaurès;1100;Oyonnax;04.78.47.17.46;contact@cabinet-dentaire-dumont.fr;2014-06-27;Élodie Garnier
238;CL00262;REJECTED - needs your decision;postcode: Postcode '1300' must be 5 digits | phone: Phone '04.78.10.11.94' is not in a recognised format (loaded empty);CL00262;Librairie Martinez;70720064256900;126 place du Stade;1300;Belley;04.78.10.11.94;contact@librairie-martinez.fr;20/05/2014;Claire Moreau
239;CL00263;REJECTED - needs your decision;postcode: Postcode '1000' must be 5 digits;CL00263;Guérin Camille;;75 avenue Victor Hugo;1000;Bourg-en-Bresse;;camille.guerin@free.fr;24/10/2022;Sophie Laurent
241;CL00265;REJECTED - needs your decision;postcode: Postcode '1000' must be 5 digits | phone: Phone '33602707903' is not in a recognised format (loaded empty);CL00265;Sanchez Sandrine;;34 rue Victor Hugo;1000;Bourg-en-Bresse;33602707903;sandrine.sanchez@gmail.com;11/08/2019;Claire Moreau
242;CL00266;REJECTED - needs your decision;postcode: Postcode '1100' must be 5 digits;CL00266;Pharmacie Robert;65651982530927;31 chemin Victor Hugo;1100;Oyonnax;04 74 79 93 13;contact@pharmacie-robert.fr;03/04/2025;Julien Petit
246;CL00270;REJECTED - needs your decision;postcode: Postcode '1300' must be 5 digits;CL00270;Morel François;;57 rue du Stade;1300;Belley;07 31 53 13 63;francois.morel@orange.fr;22/12/2021;Julien Petit
247;CL00271;MIGRATED with warning;phone: Phone '03 85 35 43' is not in a recognised format (loaded empty);CL00271;Cabinet dentaire Mercier;09042177625343;164 avenue Jean Jaurès;69003;Lyon;03 85 35 43;contact@cabinet-dentaire-mercier.fr;08/09/2020;Claire Moreau
249;CL00273;REJECTED - needs your decision;postcode: Postcode '1000' must be 5 digits;CL00273;Bonnet Thomas;;150 rue du Stade;1000;Bourg-en-Bresse;07 43 10 74 27;thomas.bonnet@orange.fr;11/04/2012;Julien Petit
250;CL00274;MIGRATED with warning;phone: Phone '33665804649' is not in a recognised format (loaded empty);CL00274;Martin Noémie;;54 rue Jean Jaurès;69001;Lyon;33665804649;noemie.martin@wanadoo.fr;31/05/2022;Claire Moreau
252;CL00276;MIGRATED with warning;phone: Phone '33472554864' is not in a recognised format (loaded empty);CL00276;Librairie Robin;01557788178844;95 rue Victor Hugo;71000;Mâcon;33472554864;contact@librairie-robin.fr;14/09/2016;Claire Moreau
253;CL00277;REJECTED - needs your decision;postcode: Postcode '1100' must be 5 digits | phone: Phone '04.78.12.72.38' is not in a recognised format (loaded empty) | email: 'contact@@cabinet-dentaire-petit.fr' is not a valid email address (loaded empty);CL00277;Cabinet dentaire Petit;04682756704319;134 chemin du Stade;1100;Oyonnax;04.78.12.72.38;contact@@cabinet-dentaire-petit.fr;22/09/2013;Karim Benali
255;CL00279;MIGRATED with warning;phone: Phone '07.52.57.82.84' is not in a recognised format (loaded empty);CL00279;Muller Yannick;;7 place du Stade;69003;Lyon;07.52.57.82.84;yannick.muller@gmail.com;16/04/2020;Sophie Laurent
257;CL00281;REJECTED - needs your decision;postcode: Postcode '1300' must be 5 digits;CL00281;Hôtel Richard;30187186375993;15 chemin du Stade;1300;Belley;+33 4 74 93 98 34;contact@hotel-richard.fr;06/01/2020;Sophie Laurent
258;CL00284;MIGRATED with warning;phone: Phone '04.72.76.74.26' is not in a recognised format (loaded empty);CL00284;Pharmacie Muller;62991234785199;23 rue du Stade;69001;Lyon;04.72.76.74.26;contact@pharmacie-muller.fr;29/12/2021;Julien Petit
262;CL00288;MIGRATED with warning;phone: Phone '04.37.33.89.88' is not in a recognised format (loaded empty);CL00288;Cabinet dentaire Michel;81671120754528;153 chemin Victor Hugo;69500;Bron;04.37.33.89.88;contact@cabinet-dentaire-michel.fr;2014-04-19;Claire Moreau
263;CL00289;MIGRATED with warning;phone: Phone '04.78.23.21.61' is not in a recognised format (loaded empty);CL00289;Garage Dumont;10760310890717;12 rue des Tilleuls;38200;Vienne;04.78.23.21.61;contact@garage-dumont.fr;12/03/2015;Claire Moreau
264;CL00290;REJECTED - needs your decision;postcode: Postcode '1300' must be 5 digits;CL00290;André Jean;;18 rue de la Gare;1300;Belley;06 49 55 28 93;jean.andre@gmail.com;26/06/16;Julien Petit
265;CL00291;REJECTED - needs your decision;postcode: Postcode '1300' must be 5 digits | phone: Phone '07 59 27 12' is not in a recognised format (loaded empty);CL00291;Mercier Sophie;;132 avenue du Stade;1300;Belley;07 59 27 12;sophie.mercier@orange.fr;18/01/24;Claire Moreau
267;CL00293;REJECTED - needs your decision;postcode: Postcode '1000' must be 5 digits | phone: Phone '04.72.07.16.78' is not in a recognised format (loaded empty);CL00293;Hôtel Gauthier;11266912153537;104 rue Victor Hugo;1000;Bourg-en-Bresse;04.72.07.16.78;contact@hotel-gauthier.fr;01/09/2022;Élodie Garnier
270;CL00296;REJECTED - needs your decision;postcode: Postcode '1000' must be 5 digits;CL00296;Masson Céline;;169 place du Stade;1000;Bourg-en-Bresse;06 76 24 67 19;celine.masson@wanadoo.fr;2015-12-19;Sophie Laurent
272;CL00298;REJECTED - needs your decision;postcode: Postcode '1000' must be 5 digits;CL00298;Garage David;20850769864079;82 place Jean Jaurès;1000;Bourg-en-Bresse;0478911415;contact@garage-david.fr;23/06/2017;Claire Moreau
273;CL00299;REJECTED - needs your decision;postcode: Postcode '1300' must be 5 digits;CL00299;Auto-école Rousseau;71834404963916;149 rue Jean Jaurès;1300;Belley;04 78 29 45 63;contact@auto-ecole-rousseau.fr;21/02/2023;Karim Benali
275;CL00301;REJECTED - needs your decision;postcode: Postcode '1300' must be 5 digits;CL00301;Morin Léa;;176 chemin de la Gare;1300;Belley;07 90 83 57 23;lea.morin@sfr.fr;25/06/2022;Claire Moreau
276;CL00302;MIGRATED with warning;phone: Phone '06.63.12.30.34' is not in a recognised format (loaded empty);CL00302;Mathieu Isabelle;;144 place du Stade;38200;Vienne;06.63.12.30.34;isabelle.mathieu@free.fr;2017-12-26;Julien Petit
277;CL00303;REJECTED - needs your decision;postcode: Postcode '1000' must be 5 digits;CL00303;Fromagerie Clément;94165162319816;149 chemin du Stade;1000;Bourg-en-Bresse;04 72 07 00 15;contact@fromagerie-clement.fr;25/03/18;Sophie Laurent
281;CL00307;REJECTED - needs your decision;postcode: Postcode '1000' must be 5 digits;CL00307;Fournier Antoine;;35 chemin Victor Hugo;1000;Bourg-en-Bresse;+33 6 12 38 29 65;antoine.fournier@sfr.fr;26/12/2020;Julien Petit
282;CL00308;MIGRATED with warning;phone: Phone '04.72.00.89.31' is not in a recognised format (loaded empty);CL00308;Cabinet comptable Dupont;73420696942152;146 rue de la République;69001;Lyon;04.72.00.89.31;contact@cabinet-comptable-dupont.fr;28/10/2020;Karim Benali
283;CL00309;MIGRATED with warning;phone: Phone '04.72.44.76.26' is not in a recognised format (loaded empty);CL00309;Garage Lopez;39343626204431;64 chemin Jean Jaurès;69003;Lyon;04.72.44.76.26;contact@garage-lopez.fr;12/01/2017;Claire Moreau
287;CL00313;REJECTED - needs your decision;postcode: Postcode '1100' must be 5 digits;CL00313;Boulangerie Laurent;07587771215133;47 avenue des Écoles;1100;Oyonnax;03 85 42 76 17;contact@boulangerie-laurent.fr;26/02/2017;Élodie Garnier
289;CL00315;REJECTED - needs your decision;postcode: Postcode '1000' must be 5 digits | phone: Phone '06.30.45.01.89' is not in a recognised format (loaded empty);CL00315;Morel Sandrine;;103 chemin Victor Hugo;1000;Bourg-en-Bresse;06.30.45.01.89;sandrine.morel@wanadoo.fr;16/12/2025;Claire Moreau
290;CL00316;REJECTED - needs your decision;postcode: Postcode '1100' must be 5 digits;CL00316;Robin Mathieu;;132 avenue du Stade;1100;Oyonnax;06 47 64 92 51;mathieu.robin@orange.fr;09/01/2021;Élodie Garnier
292;CL00318;MIGRATED with warning;phone: Phone '04.37.64.90.81' is not in a recognised format (loaded empty);CL00318;Garage Lemaire;08186617945497;129 rue de la République;69500;Bron;04.37.64.90.81;contact@garage-lemaire.fr;26/09/2018;Julien Petit
293;CL00319;REJECTED - needs your decision;postcode: Postcode '1000' must be 5 digits | phone: Phone '04.78.97.79.45' is not in a recognised format (loaded empty);CL00319;Restaurant Lopez;23219416800612;123 place des Écoles;1000;Bourg-en-Bresse;04.78.97.79.45;n/a;02/05/2021;Karim Benali
294;CL00320;MIGRATED with warning;"possible duplicate of CL00257 (same name + postcode); loaded separately, please confirm";CL00320;Gauthier Yannick;;49 rue Victor Hugo;71000;Mâcon;0741220310;yannick.gauthier@wanadoo.fr;31/10/25;Julien Petit
296;CL00322;REJECTED - needs your decision;postcode: Postcode '1000' must be 5 digits;CL00322;Faure Sandrine;;166 place du Stade;1000;Bourg-en-Bresse;0608069581;sandrine.faure@sfr.fr;07/09/2021;Karim Benali
297;CL00323;REJECTED - needs your decision;postcode: Postcode '1000' must be 5 digits;CL00323;Garage Fontaine;59724665729344;23 place Victor Hugo;1000;Bourg-en-Bresse;03 85 57 38 39;contact@garage-fontaine.fr;17/06/2018;Karim Benali
298;CL00324;MIGRATED with warning;phone: Phone '33474054522' is not in a recognised format (loaded empty);CL00324;Fromagerie Michel;80156193183749;91 rue de la Gare;69003;Lyon;33474054522;contact@fromagerie-michel.fr;06/04/2017;Julien Petit
300;CL00326;MIGRATED with warning;phone: Phone '07.48.21.45.65' is not in a recognised format (loaded empty);CL00326;Martin Nathalie;;63 avenue de la Gare;69003;Lyon;07.48.21.45.65;nathalie.martin@laposte.net;28/04/2021;Julien Petit
310;CL00336;REJECTED - needs your decision;postcode: Postcode '1100' must be 5 digits;CL00336;Thomas Chloé;;67 place de la Gare;1100;Oyonnax;06 00 46 15 26;chloe.thomas@free.fr;18/02/21;Élodie Garnier
312;CL00338;MIGRATED with warning;phone: Phone '03.85.71.83.25' is not in a recognised format (loaded empty) | email: 'contact@cabinet-comptable-fournier' is not a valid email address (loaded empty);CL00338;Cabinet comptable Fournier;82386870079427;70 chemin de la Gare;69400;Villefranche-sur-Saône;03.85.71.83.25;contact@cabinet-comptable-fournier;25/10/2014;Julien Petit
314;CL00340;REJECTED - needs your decision;postcode: Postcode '1000' must be 5 digits | phone: Phone '06 68 76 81' is not in a recognised format (loaded empty);CL00340;Martin Jean;;172 place des Écoles;1000;Bourg-en-Bresse;06 68 76 81;jean.martin@wanadoo.fr;17/01/2012;Élodie Garnier
316;CL00342;REJECTED - needs your decision;postcode: Postcode '1100' must be 5 digits;CL00342;Roux Hugo;;6 chemin des Écoles;1100;Oyonnax;0612493843;hugo.roux@sfr.fr;18/11/2020;Claire Moreau
318;CL00344;REJECTED - needs your decision;postcode: Postcode '1000' must be 5 digits;CL00344;Auto-école François;35058319971799;16 rue du Stade;1000;Bourg-en-Bresse;+33 4 74 95 43 17;contact@auto-ecole-francois.fr;2022-10-06;Julien Petit
320;CL00346;REJECTED - needs your decision;postcode: Postcode '1600' must be 5 digits;CL00346;Girard Hugo;;66 chemin du Stade;1600;Trévoux;0610919392;hugo.girard@orange.fr;31/07/12;Julien Petit
321;CL00347;REJECTED - needs your decision;postcode: Postcode '1000' must be 5 digits;CL00347;Rousseau Mathieu;;3 avenue de la République;1000;Bourg-en-Bresse;+33 7 98 22 74 95;mathieu.rousseau@free.fr;28/12/2018;Claire Moreau
322;CL00348;REJECTED - needs your decision;postcode: Postcode '1100' must be 5 digits;CL00348;Garage Morin;99594652170733;164 avenue des Écoles;1100;Oyonnax;0474537795;contact@garage-morin.fr;29/06/16;Sophie Laurent
324;CL00350;REJECTED - needs your decision;postcode: Postcode '1500' must be 5 digits;CL00350;Gauthier Nicolas;;160 place des Écoles;1500;Ambérieu-en-Bugey;06 53 47 35 52;nicolas.gauthier@laposte.net;08/04/2014;Julien Petit
326;CL00352;REJECTED - needs your decision;postcode: Postcode '1000' must be 5 digits;CL00352;Perrin Pierre;;124 place du Stade;1000;Bourg-en-Bresse;07 85 78 72 55;pierre.perrin@orange.fr;22/07/2022;Élodie Garnier
327;CL00353;REJECTED - needs your decision;postcode: Postcode '1300' must be 5 digits;CL00353;Garage Martinez;54812147853900;160 chemin du Stade;1300;Belley;03 85 34 66 92;contact@garage-martinez.fr;20/07/2016;Karim Benali
330;CL00356;REJECTED - needs your decision;postcode: Postcode '1100' must be 5 digits | phone: Phone '06.52.92.40.75' is not in a recognised format (loaded empty);CL00356;Martinez Noémie;;108 place des Écoles;1100;Oyonnax;06.52.92.40.75;noemie.martinez@sfr.fr;14/05/2021;Sophie Laurent
331;CL00357;REJECTED - needs your decision;postcode: Postcode '1000' must be 5 digits;CL00357;Moreau Antoine;;146 place des Écoles;1000;Bourg-en-Bresse;07 63 61 86 37;antoine.moreau@sfr.fr;2012-09-20;Élodie Garnier
332;CL00358;MIGRATED with warning;phone: Phone '04.72.31.64.33' is not in a recognised format (loaded empty);CL00358;Boulangerie Faure;48170580256621;34 place du Stade;38200;Vienne;04.72.31.64.33;contact@boulangerie-faure.fr;13/07/2025;Julien Petit
333;CL00359;REJECTED - needs your decision;postcode: Postcode '1300' must be 5 digits | phone: Phone '03.85.29.94.93' is not in a recognised format (loaded empty);CL00359;Librairie Denis;87430271693850;126 place du Stade;1300;Belley;03.85.29.94.93;contact@librairie-denis.fr;10/09/2021;Karim Benali
334;CL00360;MIGRATED with warning;phone: Phone '33732967629' is not in a recognised format (loaded empty);CL00360;Denis Manon;;179 rue Victor Hugo;38200;Vienne;33732967629;manon.denis@orange.fr;02/09/18;Élodie Garnier
337;CL00363;MIGRATED with warning;phone: Phone '04.37.62.10.42' is not in a recognised format (loaded empty);CL00363;Pharmacie Vincent;75230837081648;154 rue de la République;69100;Villeurbanne;04.37.62.10.42;contact@pharmacie-vincent.fr;22/12/2015;Julien Petit
338;CL00364;REJECTED - needs your decision;postcode: Postcode '1300' must be 5 digits;CL00364;Crèche Bernard;22068155839385;110 rue Victor Hugo;1300;Belley;04 74 05 31 31;contact@creche-bernard.fr;18/01/14;Karim Benali
339;CL00365;REJECTED - needs your decision;postcode: Postcode '1000' must be 5 digits;CL00365;Robert Aurélie;;177 chemin de la Gare;1000;Bourg-en-Bresse;06 41 95 62 52;aurelie.robert@free.fr;2016-10-08;Élodie Garnier
340;CL00366;MIGRATED with warning;phone: Phone '33625743263' is not in a recognised format (loaded empty);CL00366;Lopez Jean;;61 place des Écoles;69003;Lyon;33625743263;jean.lopez@orange.fr;19/03/17;Sophie Laurent
341;CL00367;MIGRATED with warning;phone: Phone '33635533803' is not in a recognised format (loaded empty);CL00367;Bonnet Mathieu;;179 avenue Jean Jaurès;71000;Mâcon;33635533803;mathieu.bonnet@free.fr;06/09/2023;Julien Petit
342;CL00368;REJECTED - needs your decision;postcode: Postcode '1000' must be 5 digits | phone: Phone '04.74.23.21.29' is not in a recognised format (loaded empty);CL00368;Garage Robert;83381674233626;78 chemin Jean Jaurès;1000;Bourg-en-Bresse;04.74.23.21.29;contact@garage-robert.fr;10/01/2023;Karim Benali
344;CL00370;MIGRATED with warning;phone: Phone '33776665674' is not in a recognised format (loaded empty);CL00370;Martin Jean;;151 rue du Stade;69003;Lyon;33776665674;jean.martin@sfr.fr;21/06/2015;Claire Moreau
345;CL00371;MIGRATED with warning;phone: Phone '07.87.50.66.33' is not in a recognised format (loaded empty);CL00371;Bertrand Rémi;;93 rue des Écoles;69100;Villeurbanne;07.87.50.66.33;remi.bertrand@wanadoo.fr;10/05/16;Élodie Garnier
346;CL00372;MIGRATED with warning;phone: Phone '06.11.66.91.83' is not in a recognised format (loaded empty);CL00372;Roussel Aurélie;;43 place des Tilleuls;69400;Villefranche-sur-Saône;06.11.66.91.83;aurelie.roussel@orange.fr;14/09/2017;Élodie Garnier
350;CL00376;REJECTED - needs your decision;postcode: Postcode '1000' must be 5 digits;CL00376;Boyer Sophie;;159 place Jean Jaurès;1000;Bourg-en-Bresse;07 62 09 18 43;sophie.boyer@gmail.com;26/12/2019;Sophie Laurent
355;CL00383;REJECTED - needs your decision;postcode: Postcode '1600' must be 5 digits;CL00383;Lopez Hugo;;14 avenue de la Gare;1600;Trévoux;06 74 60 52 33;hugo.lopez@laposte.net;08/10/2014;Julien Petit
357;CL00385;REJECTED - needs your decision;postcode: Postcode '1000' must be 5 digits;CL00385;Boucherie Petit;72018596263017;126 chemin des Écoles;1000;Bourg-en-Bresse;04 72 66 20 15;contact@boucherie-petit.fr;28/11/2024;Claire Moreau
359;CL00387;MIGRATED with warning;phone: Phone '07.88.87.18.98' is not in a recognised format (loaded empty);CL00387;Denis Yannick;;167 rue de la Gare;38200;Vienne;07.88.87.18.98;yannick.denis@gmail.com;21/01/2024;Claire Moreau
360;CL00388;MIGRATED with warning;"possible duplicate of CL00214 (same name + postcode); loaded separately, please confirm";CL00388;Blanc Nicolas;;9 rue de la République;38200;Vienne;0602932184;nicolas.blanc@free.fr;14/01/2016;Élodie Garnier
363;CL00391;REJECTED - needs your decision;postcode: Postcode '1000' must be 5 digits;CL00391;Pharmacie Bonnet;40163611284975;90 chemin Jean Jaurès;1000;Bourg-en-Bresse;04 78 15 54 23;contact@pharmacie-bonnet.fr;2024-04-19;Sophie Laurent
365;CL00393;REJECTED - needs your decision;postcode: Postcode '1500' must be 5 digits;CL00393;Legrand Isabelle;;23 chemin du Stade;1500;Ambérieu-en-Bugey;+33 7 78 44 68 34;isabelle.legrand@laposte.net;26/08/2025;Claire Moreau
372;CL00400;REJECTED - needs your decision;postcode: Postcode '1500' must be 5 digits | phone: Phone '04.74.89.23.92' is not in a recognised format (loaded empty);CL00400;Salon de coiffure Lefèvre;31260432609314;98 place Jean Jaurès;1500;Ambérieu-en-Bugey;04.74.89.23.92;contact@salon-de-coiffure-lefevre.fr;16/08/21;Sophie Laurent
373;CL00401;REJECTED - needs your decision;postcode: Postcode '1000' must be 5 digits;CL00401;Boulangerie Mathieu;35020005347494;48 chemin du Stade;1000;Bourg-en-Bresse;04 78 14 54 56;contact@boulangerie-mathieu.fr;2021-07-30;Claire Moreau
376;CL00404;MIGRATED with warning;phone: Phone '06.40.90.36.78' is not in a recognised format (loaded empty);CL00404;Simon Chloé;;20 avenue du Stade;69001;Lyon;06.40.90.36.78;chloe.simon@free.fr;20/04/2023;Karim Benali
378;CL00406;REJECTED - needs your decision;postcode: Postcode '1300' must be 5 digits;CL00406;Boucherie Martin;26945005342403;150 rue des Écoles;1300;Belley;04 78 95 51 84;contact@boucherie-martin.fr;09/08/2014;Élodie Garnier
381;CL00409;REJECTED - needs your decision;postcode: Postcode '1500' must be 5 digits;CL00409;Bonnet Nicolas;;176 place des Écoles;1500;Ambérieu-en-Bugey;+33 6 03 66 25 43;nicolas.bonnet@gmail.com;2023-06-22;Julien Petit
382;CL00410;REJECTED - needs your decision;postcode: Postcode '1300' must be 5 digits;CL00410;Pharmacie André;22685926249451;70 place des Écoles;1300;Belley;04 37 51 51 09;contact@pharmacie-andre.fr;27/04/2018;Claire Moreau
385;CL00413;REJECTED - needs your decision;postcode: Postcode '1000' must be 5 digits;CL00413;Dumont Sophie;;4 place Victor Hugo;1000;Bourg-en-Bresse;0679202521;sophie.dumont@wanadoo.fr;11/07/21;Élodie Garnier
390;CL00418;REJECTED - needs your decision;postcode: Postcode '1000' must be 5 digits | phone: Phone '06.28.89.85.72' is not in a recognised format (loaded empty);CL00418;Boyer Aurélie;;93 place de la République;1000;Bourg-en-Bresse;06.28.89.85.72;aurelie.boyer@wanadoo.fr;12/03/2017;Julien Petit
392;CL00420;MIGRATED with warning;phone: Phone '03 85 21 97' is not in a recognised format (loaded empty);CL00420;Restaurant Garnier;46692758955165;68 rue Jean Jaurès;71000;Mâcon;03 85 21 97;contact@restaurant-garnier.fr;2017-10-14;Julien Petit
397;CL00425;MIGRATED with warning;phone: Phone '04 74 03 36' is not in a recognised format (loaded empty);CL00425;Cabinet comptable Morin;96353390550448;32 place des Écoles;38200;Vienne;04 74 03 36;contact@cabinet-comptable-morin.fr;28/01/2022;Sophie Laurent
399;CL00427;MIGRATED with warning;phone: Phone '06.37.86.13.71' is not in a recognised format (loaded empty);CL00427;Clément Céline;;119 place de la Gare;69003;Lyon;06.37.86.13.71;celine.clement@laposte.net;13/01/2025;Karim Benali
403;CL00433;REJECTED - needs your decision;postcode: Postcode '1000' must be 5 digits;CL00433;Garage Mercier;13665722402992;31 chemin des Tilleuls;1000;Bourg-en-Bresse;0385170617;contact@garage-mercier.fr;31/01/2023;Julien Petit
404;CL00434;REJECTED - needs your decision;postcode: Postcode '1500' must be 5 digits;CL00434;Bernard Léa;;178 avenue des Tilleuls;1500;Ambérieu-en-Bugey;06 35 13 05 23;lea.bernard@gmail.com;2014-09-23;Élodie Garnier
407;CL00437;REJECTED - needs your decision;postcode: Postcode '1100' must be 5 digits | phone: Phone '33478525105' is not in a recognised format (loaded empty);CL00437;Garage Robert;05379538164933;27 chemin des Écoles;1100;Oyonnax;33478525105;contact@garage-robert.fr;02/07/2017;Claire Moreau
410;CL00440;MIGRATED with warning;phone: Phone '33600215632' is not in a recognised format (loaded empty);CL00440;Perrin Sophie;;95 rue des Écoles;69500;Bron;33600215632;sophie.perrin@gmail.com;21/09/2014;Claire Moreau
414;CL00444;REJECTED - needs your decision;postcode: Postcode '1300' must be 5 digits;CL00444;Rousseau Antoine;;46 chemin Jean Jaurès;1300;Belley;0745106634;antoine.rousseau@gmail.com;2020-11-25;Claire Moreau
417;CL00447;MIGRATED with warning;phone: Phone '04.74.95.79.07' is not in a recognised format (loaded empty);CL00447;Auto-école Gauthier;37100943882212;86 place du Stade;38200;Vienne;04.74.95.79.07;contact@auto-ecole-gauthier.fr;30/10/2015;Sophie Laurent
418;CL00448;REJECTED - needs your decision;postcode: Postcode '1500' must be 5 digits;CL00448;Hôtel Martin;80263257039658;23 avenue du Stade;1500;Ambérieu-en-Bugey;;contact@hotel-martin.fr;16/04/2022;Élodie Garnier
422;CL00454;REJECTED - needs your decision;postcode: Postcode '1500' must be 5 digits;CL00454;Crèche François;65923426834417;161 place Jean Jaurès;1500;Ambérieu-en-Bugey;+33 4 74 44 94 29;contact@creche-francois.fr;30/08/2020;Claire Moreau
423;CL00455;MIGRATED with warning;phone: Phone '04.78.75.67.66' is not in a recognised format (loaded empty);CL00455;Boucherie Rousseau;70806129439852;140 chemin de la République;69003;Lyon;04.78.75.67.66;contact@boucherie-rousseau.fr;10/01/2019;Karim Benali
424;CL00456;MIGRATED with warning;phone: Phone '33619803828' is not in a recognised format (loaded empty);CL00456;Thomas Pierre;;127 avenue Victor Hugo;69003;Lyon;33619803828;pierre.thomas@gmail.com;14/08/2023;Julien Petit
425;CL00457;REJECTED - needs your decision;postcode: Postcode '1600' must be 5 digits;CL00457;Perrin Yannick;;122 rue de la Gare;1600;Trévoux;06 10 29 18 13;yannick.perrin@orange.fr;22/02/2012;Sophie Laurent
427;CL00459;MIGRATED with warning;phone: Phone '04 74 76 62' is not in a recognised format (loaded empty);CL00459;Crèche Lambert;71960940970527;118 chemin de la République;69003;Lyon;04 74 76 62;contact@creche-lambert.fr;04/03/2018;Élodie Garnier
429;CL00461;REJECTED - needs your decision;postcode: Postcode '1000' must be 5 digits;CL00461;Simon Nathalie;;108 rue de la République;1000;Bourg-en-Bresse;06 77 53 31 26;nathalie.simon@gmail.com;29/08/2012;Claire Moreau
430;CL00462;MIGRATED with warning;phone: Phone '07.62.98.33.47' is not in a recognised format (loaded empty);CL00462;Morel Sophie;;74 avenue Victor Hugo;69001;Lyon;07.62.98.33.47;sophie.morel@wanadoo.fr;29/08/2012;Élodie Garnier
431;CL00463;REJECTED - needs your decision;postcode: Postcode '1100' must be 5 digits;CL00463;Clément Sophie;;165 place Victor Hugo;1100;Oyonnax;0620569815;sophie.clement@orange.fr;20/01/2025;Sophie Laurent
433;CL00465;REJECTED - needs your decision;postcode: Postcode '1000' must be 5 digits;CL00465;Fromagerie David;19740056435027;85 rue Victor Hugo;1000;Bourg-en-Bresse;+33 4 37 84 69 08;contact@fromagerie-david.fr;26/11/2024;Élodie Garnier
435;CL00468;REJECTED - needs your decision;postcode: Postcode '1000' must be 5 digits | phone: Phone '06 87 06 62' is not in a recognised format (loaded empty);CL00468;Dupont Aurélie;;30 place de la République;1000;Bourg-en-Bresse;06 87 06 62;aurelie.dupont@wanadoo.fr;26/05/2016;Julien Petit
438;CL00471;MIGRATED with warning;phone: Phone '33472152037' is not in a recognised format (loaded empty);CL00471;Fromagerie Chevalier;71070449641049;99 place de la République;69100;Villeurbanne;33472152037;contact@fromagerie-chevalier.fr;03/11/2018;Claire Moreau
440;CL00473;REJECTED - needs your decision;postcode: Postcode '1000' must be 5 digits | phone: Phone '07.59.60.94.54' is not in a recognised format (loaded empty);CL00473;David Rémi;;168 rue de la République;1000;Bourg-en-Bresse;07.59.60.94.54;remi.david@sfr.fr;25/02/2018;Julien Petit
441;CL00474;REJECTED - needs your decision;postcode: Postcode '1000' must be 5 digits;CL00474;André Karim;;113 avenue des Tilleuls;1000;Bourg-en-Bresse;06 60 91 49 85;karim.andre@wanadoo.fr;13/03/2012;Julien Petit
442;CL00475;REJECTED - needs your decision;postcode: Postcode '1100' must be 5 digits;CL00475;Boulangerie Mathieu;50830440580933;20 place de la République;1100;Oyonnax;04 72 10 28 79;contact@boulangerie-mathieu.fr;10/11/2025;Sophie Laurent
443;CL00476;MIGRATED with warning;phone: Phone '04.78.20.59.55' is not in a recognised format (loaded empty);CL00476;Crèche Mathieu;65749025042908;55 chemin Jean Jaurès;69400;Villefranche-sur-Saône;04.78.20.59.55;contact@creche-mathieu.fr;07/08/2013;Élodie Garnier
444;CL00477;MIGRATED with warning;phone: Phone '33661139898' is not in a recognised format (loaded empty);CL00477;Dubois Aurélie;;138 rue de la Gare;69500;Bron;33661139898;aurelie.dubois@wanadoo.fr;30/06/2020;Élodie Garnier
452;CL00485;REJECTED - needs your decision;postcode: Postcode '1600' must be 5 digits;CL00485;Restaurant Girard;85380032963344;125 avenue des Écoles;1600;Trévoux;03 85 81 50 61;contact@restaurant-girard.fr;16/05/2023;Claire Moreau
454;CL00487;MIGRATED with warning;phone: Phone '07.79.63.04.48' is not in a recognised format (loaded empty);CL00487;Martinez Antoine;;105 rue Jean Jaurès;69500;Bron;07.79.63.04.48;antoine.martinez@orange.fr;11/06/2018;Sophie Laurent
456;CL00492;REJECTED - needs your decision;postcode: Postcode '1000' must be 5 digits;CL00492;Lopez Antoine;;59 chemin de la Gare;1000;Bourg-en-Bresse;06 08 35 83 28;antoine.lopez@free.fr;03/07/2020;Élodie Garnier
458;CL00494;REJECTED - needs your decision;postcode: Postcode '1000' must be 5 digits | phone: Phone '04.72.94.56.80' is not in a recognised format (loaded empty);CL00494;Crèche Sanchez;44731497646131;144 chemin du Stade;1000;Bourg-en-Bresse;04.72.94.56.80;contact@creche-sanchez.fr;11/03/2025;Karim Benali
461;CL00499;MIGRATED with warning;phone: Phone '33661620281' is not in a recognised format (loaded empty);CL00499;Chevalier Sandrine;;113 rue de la République;69400;Villefranche-sur-Saône;33661620281;sandrine.chevalier@gmail.com;16/07/2023;Élodie Garnier
470;CL00508;REJECTED - needs your decision;postcode: Postcode '1000' must be 5 digits;CL00508;Nicolas Thomas;;48 chemin Jean Jaurès;1000;Bourg-en-Bresse;07 91 97 11 12;thomas.nicolas@wanadoo.fr;11/12/21;Claire Moreau
472;CL00510;MERGED into CL00207;"same siret (74564240082541) as CL00207; merged into it";CL00510;FROMAGERIE FRANÇOIS;74564240082541;3 place de la Gare;69003;Lyon;;contact@fromagerie-francois.fr;12/05/2022;Julien Petit
473;CL00511;MERGED into CL00182;"same siret (41108099693089) as CL00182; merged into it";CL00511;Pharmacie Muller SARL;41108099693089;139 place des Écoles;71000;Mâcon;;contact@pharmacie-muller.fr;2023-01-06;Élodie Garnier
474;CL00512;MERGED into CL00480;"same siret (12060212886659) as CL00480; merged into it";CL00512;Salon de coiffure Laurent SARL;12060212886659;179 avenue des Écoles;38200;Vienne;;contact@salon-de-coiffure-laurent.fr;08/05/2020;Sophie Laurent
475;CL00513;MERGED into CL00308;"same siret (73420696942152) as CL00308; merged into it";CL00513;CABINET COMPTABLE DUPONT;73420696942152;146 rue de la République;69001;Lyon;04.72.00.89.31;;15/08/2023;Karim Benali
476;CL00514;MERGED into CL00183;"same siret (39282722992756) as CL00183; merged into it";CL00514;SALON DE COIFFURE LEROY;39282722992756;125 avenue de la République;69100;Villeurbanne;04 37 81 65 80;;02/02/20;Sophie Laurent
477;CL00515;REJECTED - needs your decision;postcode: Postcode '1100' must be 5 digits;CL00515;Auto-école Girard SARL;18880592962224;160 avenue des Écoles;1100;Oyonnax;;;08/06/23;Sophie Laurent
478;CL00516;MERGED into CL00339;"same siret (28463985547437) as CL00339; merged into it";CL00516;LIBRAIRIE SIMON;28463985547437;83 chemin Victor Hugo;69003;Lyon;0437914161;contact@librairie-simon.fr;16/11/2024;Élodie Garnier
479;CL00517;MERGED into CL00250;"same siret (73354946519090) as CL00250; merged into it";CL00517;CABINET DENTAIRE ROBIN;73354946519090;104 avenue de la Gare;38200;Vienne;04 72 78 46 99;contact@cabinet-dentaire-robin.fr;15/10/2023;Élodie Garnier
480;CL00518;REJECTED - needs your decision;postcode: Postcode '1500' must be 5 digits;CL00518;SALON DE COIFFURE LEFÈVRE;31260432609314;98 place Jean Jaurès;1500;Ambérieu-en-Bugey;;;10/10/2024;Karim Benali
481;CL00519;MERGED into CL00256;"same siret (29276637239503) as CL00256; merged into it";CL00519;Auto-école Bertrand SARL;29276637239503;30 rue Victor Hugo;69001;Lyon;;;12/11/2021;Élodie Garnier
482;CL00520;REJECTED - needs your decision;postcode: Postcode '1000' must be 5 digits;CL00520;PHARMACIE THOMAS;54538179217173;165 place du Stade;1000;Bourg-en-Bresse;;;08/08/2020;Sophie Laurent
483;CL00521;MERGED into CL00442;"same siret (37637153988544) as CL00442; merged into it";CL00521;BOUCHERIE CLÉMENT;37637153988544;168 avenue de la Gare;38200;Vienne;0472117030;contact@boucherie-clement.fr;08/11/2021;Karim Benali
484;CL00522;REJECTED - needs your decision;name is required but empty | postcode: Postcode '1300' must be 5 digits | phone: Phone '06.76.73.16.25' is not in a recognised format (loaded empty);CL00522;;;;1300;Belley;06.76.73.16.25;;01/10/2022;Sophie Laurent
485;CL00523;REJECTED - needs your decision;name is required but empty;CL00523;;;;71000;Mâcon;07 96 81 57 90;;31/05/25;Julien Petit
486;CL00524;REJECTED - needs your decision;name is required but empty | postcode: Postcode '1600' must be 5 digits;CL00524;;;;1600;Trévoux;+33 7 70 46 22 68;;10/08/2024;Sophie Laurent
