N° contact;N° client;Nom;Prénom;Fonction;Tél portable;E-mail
CT00001;CL00002;MATHIEU;Noémie;Gérant;06.52.98.67.07;noemie.mathieu@laposte.net
CT00002;CL00003;MASSON;Marie;Comptable;;marie.masson@free.fr
CT00003;CL00003;BERTRAND;Thomas;Comptable;07 60 74 01 77;thomas.bertrand@sfr.fr
CT00004;CL00004;NICOLAS;Mathieu;;07 54 08 42 45;mathieu.nicolas@wanadoo.fr
CT00005;CL00005;MATHIEU;Émilie;;06 50 86 32 18;emilie.mathieu@free.fr
CT00006;CL00006;DURAND;Aurélie;;07 57 93 89 70;aurelie.durand@wanadoo.fr
CT00007;CL00007;NICOLAS;Sandrine;Gérant;;sandrine.nicolas@wanadoo.fr
CT00008;CL00008;LEMAIRE;François;Assistante de direction;0749883059;francois.lemaire@gmail.com
CT00009;CL00009;DAVID;Manon;;06 48 09 62 44;manon.david@laposte.net
CT00010;CL00010;LAURENT;Julien;;07.47.95.13.30;julien.laurent@laposte.net
CT00011;CL00011;SANCHEZ;Manon;;07 96 95 86 78;manon.sanchez@sfr.fr
CT00012;CL00012;DENIS;Émilie;Comptable;;emilie.denis@orange.fr
CT00013;CL00012;MULLER;Camille;Assistante de direction;0744577029;camille.muller@gmail.com
CT00014;CL00016;FRANÇOIS;François;Responsable technique;07 36 82 69 11;francois.francois@gmail.com
CT00015;CL00016;DURAND;Hugo;Gérante;07.86.53.69.45;hugo.durand@free.fr
CT00016;CL00016;CLÉMENT;Aurélie;Responsable technique;07 36 77 47 22;
CT00017;CL00017;BERTRAND;Noémie;;0616966630;noemie.bertrand@free.fr
CT00018;CL00018;FRANÇOIS;Nicolas;;0699605932;nicolas.francois@sfr.fr
CT00019;CL00019;BONNET;Manon;;06 27 35 24 10;manon.bonnet@gmail.com
CT00020;CL00020;GAUTHIER;Chloé;Responsable des achats;06.78.19.52.37;
CT00021;CL00021;GAUTHIER;Aurélie;Directrice;0770460568;aurelie.gauthier@laposte.net
CT00022;CL00022;MICHEL;Inès;;+33 7 91 25 65 23;ines.michel@gmail.com
CT00023;CL00023;DUMONT;Hélène;;+33 6 77 34 54 75;helene.dumont@gmail.com
CT00024;CL00024;ROBIN;Émilie;;06 22 84 03 59;emilie.robin@sfr.fr
CT00025;CL00025;HENRY;Mathieu;Directrice;0779252985;mathieu.henry@free.fr
CT00026;CL00026;MATHIEU;Isabelle;Directrice;+33 7 91 35 77 90;isabelle.mathieu@sfr.fr
CT00027;CL00026;SANCHEZ;Manon;Comptable;0650615814;manon.sanchez@sfr.fr
CT00028;CL00027;LEMAIRE;François;;06.07.98.33.42;francois.lemaire@wanadoo.fr
CT00029;CL00028;BERTRAND;Rémi;;06.28.40.33.39;remi.bertrand@orange.fr
CT00030;CL00029;SANCHEZ;Hugo;;06 51 37 17 17;hugo.sanchez@gmail.com
CT00031;CL00030;NICOLAS;Karim;Assistante de direction;07 94 72 58 78;karim.nicolas@free.fr
CT00032;CL00031;GUÉRIN;Nathalie;Assistante de direction;0771270587;nathalie.guerin@free.fr
CT00033;CL00031;ROBIN;François;Responsable des achats;0758231334;francois.robin@wanadoo.fr
CT00034;CL00032;DUMONT;Isabelle;;+33 7 93 92 52 36;isabelle.dumont@sfr.fr
CT00035;CL00033;ROBIN;Karim;;;karim.robin@sfr.fr
CT00036;CL00034;DUPONT;Émilie;;07 55 74 69 66;emilie.dupont@free.fr
CT00037;CL00035;BONNET;Camille;Directrice;07 65 88 33 98;camille.bonnet@wanadoo.fr
CT00038;CL00036;DAVID;Isabelle;Comptable;06 10 54 85 74;isabelle.david@free.fr
CT00039;CL00037;CLÉMENT;Sophie;;07.35.98.48.84;sophie.clement@wanadoo.fr
CT00040;CL00038;BLANC;Camille;;07 57 32 57 37;camille.blanc@gmail.com
CT00041;CL00039;RICHARD;Nathalie;;06 21 66 67 08;nathalie.richard@wanadoo.fr
CT00042;CL00040;BERNARD;Hugo;Assistante de direction;07 87 49 51 19;hugo.bernard@laposte.net
CT00043;CL00040;DURAND;Léa;Responsable des achats;0635624395;lea.durand@orange.fr
CT00044;CL00041;MASSON;Olivier;Comptable;0632342108;olivier.masson@sfr.fr
CT00045;CL00042;LOPEZ;Noémie;;06 55 33 34;noemie.lopez@orange.fr
CT00046;CL00043;CLÉMENT;Jean;;06 27 16 07 36;jean.clement@orange.fr
CT00047;CL00044;DUMONT;Céline;;07 91 12 89 81;celine.dumont@orange.fr
CT00048;CL00045;CHEVALIER;Chloé;Responsable technique;07 33 18 57 48;chloe.chevalier@free.fr
CT00049;CL00045;MARTIN;Hélène;Responsable des achats;06.55.41.64.31;helene.martin@laposte.net
CT00050;CL00046;BERNARD;Julien;Responsable technique;06 23 29 02 82;julien.bernard@wanadoo.fr
CT00051;CL00046;DUBOIS;Marie;Responsable des achats;;marie.dubois@sfr.fr
CT00052;CL00047;FAURE;Sophie;;0620734654;
CT00053;CL00050;MERCIER;Sophie;;06 21 05 31 61;sophie.mercier@gmail.com
CT00054;CL00051;MICHEL;Olivier;;07 85 91 77 93;olivier.michel@laposte.net
CT00055;CL00052;GARCIA;Aurélie;Comptable;07 49 13 34 24;aurelie.garcia@gmail.com
CT00056;CL00053;BLANC;Inès;Responsable technique;+33 6 56 52 90 60;ines.blanc@sfr.fr
CT00057;CL00053;MARTIN;Nicolas;Responsable des achats;06 26 50 97 75;nicolas.martin@wanadoo.fr
CT00058;CL00053;HENRY;Hélène;Directrice;07 87 14 85 52;helene.henry@laposte.net
CT00059;CL00054;ROUSSEL;Léa;;33613711842;lea.roussel@laposte.net
CT00060;CL00057;ANDRÉ;Jean;;06 82 68 32 30;jean.andre@laposte.net
CT00061;CL00058;BONNET;Julien;;06.98.80.85.83;julien.bonnet@sfr.fr
CT00062;CL00059;MERCIER;Isabelle;Comptable;06 28 96 34 06;isabelle.mercier@gmail.com
CT00063;CL00060;GARNIER;Émilie;Responsable technique;06 14 84 39 91;emilie.garnier@free.fr
CT00064;CL00060;MOREAU;Karim;Responsable des achats;06 62 66 93 35;karim.moreau@orange.fr
CT00065;CL00061;MASSON;Mathieu;;06.18.48.19.73;mathieu.masson@free.fr
CT00066;CL00062;THOMAS;Camille;;07 69 27 43 81;camille.thomas@gmail.com
CT00067;CL00063;LEMAIRE;Antoine;;06.76.60.14.44;antoine.lemaire@sfr.fr
CT00068;CL00064;ANDRÉ;Pierre;Responsable des achats;07 39 73 96;pierre.andre@gmail.com
CT00069;CL00064;FAURE;Léa;Directrice;+33 6 59 96 60 57;lea.faure@sfr.fr
CT00070;CL00065;DUBOIS;Hélène;Directrice;+33 6 74 55 53 47;helene.dubois@wanadoo.fr
CT00071;CL00065;DUMONT;Mathieu;Gérante;06 88 56 52 71;mathieu.dumont@free.fr
CT00072;CL00065;CHEVALIER;Manon;Responsable technique;06 16 59 72 63;manon.chevalier@orange.fr
CT00073;CL00066;DAVID;Céline;;07 52 25 01 39;celine.david@free.fr
CT00074;CL00067;LOPEZ;Noémie;;+33 6 69 13 11 96;noemie.lopez@wanadoo.fr
CT00075;CL00068;BERNARD;Antoine;;06 70 38 24 07;antoine.bernard@free.fr
CT00076;CL00069;DAVID;Nathalie;Gérante;0604309776;nathalie.david@laposte.net
CT00077;CL00070;BONNET;Isabelle;Comptable;0745465535;
CT00078;CL00071;THOMAS;Noémie;;06 89 21 87 85;noemie.thomas@wanadoo.fr
CT00079;CL00072;MOREL;Sophie;;0674907977;
CT00080;CL00073;CHEVALIER;Aurélie;;06 57 21 51 49;aurelie.chevalier@orange
CT00081;CL00074;LOPEZ;Chloé;Responsable des achats;0663748453;chloe.lopez@laposte.net
CT00082;CL00075;MOREAU;Rémi;Assistante de direction;06 86 23 39 22;remi.moreau@sfr.fr
CT00083;CL00075;FONTAINE;Sophie;Directrice;07 66 72 52 14;sophie.fontaine@free.fr
CT00084;CL00076;BONNET;Olivier;;06.46.33.51.57;olivier.bonnet@free.fr
CT00085;CL00077;MOREL;Yannick;;06 80 51 20 80;yannick.morel@gmail.com
CT00086;CL00078;HENRY;Marie;;06 70 90 81 44;marie.henry@gmail.com
CT00087;CL00079;BLANC;Isabelle;Assistante de direction;06 95 78 67 18;isabelle.blanc@gmail.com
CT00088;CL00079;MOREAU;Nathalie;Directrice;;nathalie.moreau@laposte.net
CT00089;CL00079;DUMONT;Léa;Assistante de direction;06 45 27 34 66;lea.dumont@sfr.fr
CT00090;CL00080;FAURE;Sophie;Assistante de direction;07 47 40 80 31;sophie.faure@free.fr
CT00091;CL00081;MERCIER;Marie;;06 68 82 85 03;marie.mercier@sfr.fr
CT00092;CL00082;MERCIER;Rémi;;06 37 39 90 06;remi.mercier@orange.fr
CT00093;CL00083;CHEVALIER;Olivier;;06 66 64 37 49;olivier.chevalier@@free.fr
CT00094;CL00084;DUMONT;Rémi;Comptable;06 11 12 71 28;remi.dumont@laposte.net
CT00095;CL00085;GAUTHIER;Yannick;Assistante de direction;0749411631;yannick.gauthier@wanadoo.fr
CT00096;CL00085;LEROY;Inès;Gérant;0630621136;ines.leroy@gmail.com
CT00097;CL00086;VINCENT;Yannick;;06 83 35 09 02;yannick.vincent@orange.fr
CT00098;CL00087;BONNET;Antoine;;06 06 62 48 13;antoine.bonnet@orange.fr
CT00099;CL00088;CHEVALIER;Noémie;;06 71 39 84 82;noemie.chevalier@wanadoo.fr
CT00100;CL00089;DURAND;Aurélie;Assistante de direction;06.60.90.69.13;
CT00101;CL00093;ROBERT;Jean;Directrice;07 49 67 37 94;jean.robert@wanadoo.fr
CT00102;CL00093;LEGRAND;Karim;Responsable technique;06 24 26 42 50;karim.legrand@orange.fr
CT00103;CL00093;DUBOIS;Émilie;Assistante de direction;06.62.53.66.67;emilie.dubois@laposte.net
CT00104;CL00094;HENRY;Sophie;;0756283333;sophie.henry@laposte.net
CT00105;CL00095;MULLER;Émilie;;0778654362;emilie.muller@wanadoo.fr
CT00106;CL00096;ANDRÉ;Sophie;;33669326573;sophie.andre@laposte.net
CT00107;CL00097;MOREL;Chloé;Comptable;06 11 10 00 51;chloe.morel@sfr.fr
CT00108;CL00097;LEFÈVRE;Sandrine;Responsable technique;06 59 59 77 52;sandrine.lefevre@orange.fr
CT00109;CL00098;SIMON;Nicolas;Assistante de direction;06 95 79 92;nicolas.simon@orange.fr
CT00110;CL00098;HENRY;Camille;Responsable technique;;camille.henry@free.fr
CT00111;CL00098;LOPEZ;Manon;Responsable des achats;07 80 75 20 34;manon.lopez@gmail.com
CT00112;CL00099;MULLER;François;;06.46.37.66.04;francois.muller@free.fr
CT00113;CL00100;MULLER;Thomas;;07 65 25 48 37;thomas.muller@sfr.fr
CT00114;CL00101;FAURE;Émilie;;06 58 10 21 31;
CT00115;CL00102;BOYER;Nathalie;Gérant;0659129751;
CT00116;CL00102;LEROY;Thomas;Gérante;06 10 63 30 16;thomas.leroy@wanadoo.fr
CT00117;CL00102;GARNIER;Olivier;Directrice;06 74 90 72 80;olivier.garnier@orange.fr
CT00118;CL00103;MOREAU;Léa;Comptable;06 13 25 32 69;lea.moreau@sfr.fr
CT00119;CL00103;MORIN;Céline;Responsable des achats;07 38 04 42 10;celine.morin@orange.fr
CT00120;CL00104;DAVID;Yannick;;07.75.83.39.20;yannick.david@wanadoo.fr
CT00121;CL00105;HENRY;Aurélie;;33777722660;aurelie.henry@laposte.net
CT00122;CL00106;ANDRÉ;Marie;;06 65 06 22 92;
CT00123;CL00107;MOREAU;Julien;Directrice;;julien.moreau@free.fr
CT00124;CL00107;NICOLAS;Céline;Directrice;06 67 04 25 49;celine.nicolas@orange.fr
CT00125;CL00110;BLANC;Céline;Responsable des achats;06 59 71 07 56;celine.blanc@free.fr
CT00126;CL00111;LEFÈVRE;Émilie;;;emilie.lefevre@wanadoo.fr
CT00127;CL00112;DUMONT;Mathieu;;06 99 33 79 70;mathieu.dumont@sfr.fr
CT00128;CL00113;ROBERT;Olivier;;07.34.25.07.33;olivier.robert@laposte.net
CT00129;CL00114;GARNIER;Léa;Responsable technique;07 59 83 39 91;
CT00130;CL00114;LEFÈVRE;Inès;Responsable des achats;07 60 44 32 40;ines.lefevre@sfr.fr
CT00131;CL00114;BONNET;Pierre;Gérante;0768297514;pierre.bonnet@free.fr
CT00132;CL00115;LEGRAND;Céline;Responsable technique;+33 6 10 58 75 25;celine.legrand@orange.fr
CT00133;CL00115;BERNARD;Mathieu;Directrice;33659045990;
CT00134;CL00115;LOPEZ;Yannick;Gérant;06 21 82 31 55;yannick.lopez@orange.fr
CT00135;CL00116;CHEVALIER;Chloé;;06 86 62 81 37;chloe.chevalier@gmail.com
CT00136;CL00117;LAMBERT;Hugo;;06.80.03.70.03;hugo.lambert@free.fr
CT00137;CL00118;FRANÇOIS;Isabelle;;0766084706;
CT00138;CL00119;DUBOIS;Thomas;Gérant;07 70 79 86 32;thomas.dubois@orange.fr
CT00139;CL00119;PETIT;Sandrine;Assistante de direction;33739457039;sandrine.petit@orange.fr
CT00140;CL00119;MICHEL;Inès;Gérante;06.53.76.57.69;ines.michel@gmail.com
CT00141;CL00120;MULLER;Chloé;Comptable;;chloe.muller@free.fr
CT00142;CL00120;FOURNIER;Émilie;Gérante;06 05 33 65 14;
CT00143;CL00121;ROUSSEAU;Aurélie;;06 11 37 98 44;aurelie.rousseau@gmail.com
CT00144;CL00122;CHEVALIER;Julien;;+33 6 31 66 00 76;julien.chevalier@gmail.com
CT00145;CL00123;LEROY;Hugo;;;hugo.leroy@gmail.com
CT00146;CL00124;BOYER;Jean;Assistante de direction;07 87 30 45 19;jean.boyer@wanadoo.fr
CT00147;CL00124;GUÉRIN;Isabelle;Responsable technique;06 55 62 96;isabelle.guerin@free.fr
CT00148;CL00125;DENIS;Aurélie;Directrice;0761942557;aurelie.denis@laposte.net
CT00149;CL00126;ROBERT;Inès;;06 58 29 58 29;ines.robert@wanadoo.fr
CT00150;CL00127;ROUSSEAU;Rémi;;06.48.23.57.15;remi.rousseau@orange.fr
CT00151;CL00128;FRANÇOIS;Sandrine;;+33 7 39 56 13 72;sandrine.francois@sfr.fr
CT00152;CL00129;LOPEZ;Jean;Directrice;;jean.lopez@sfr.fr
CT00153;CL00130;BERNARD;Céline;Responsable des achats;06.14.71.65.60;celine.bernard@gmail.com
CT00154;CL00131;FOURNIER;Antoine;;07 69 97 99;antoine.fournier@laposte.net
CT00155;CL00132;FONTAINE;Céline;;07 68 16 99;celine.fontaine@free.fr
CT00156;CL00133;HENRY;Marie;;06 74 81 13 17;marie.henry@laposte.net
CT00157;CL00134;GARNIER;Marie;Responsable des achats;;marie.garnier@free.fr
CT00158;CL00134;ROUSSEAU;Isabelle;Assistante de direction;33780491872;isabelle.rousseau@laposte.net
CT00159;CL00134;SIMON;Marie;Directrice;06.21.37.73.06;marie.simon@free.fr
CT00160;CL00135;MASSON;Hélène;Gérante;07 97 37 11 22;helene.masson@gmail.com
CT00161;CL00139;LAURENT;Julien;;07 75 60 85 81;
CT00162;CL00140;SANCHEZ;Karim;;06 21 02 19 23;karim.sanchez@laposte.net
CT00163;CL00141;DAVID;Julien;;+33 6 24 26 05 08;julien.david@free.fr
CT00164;CL00142;ROUSSEL;Inès;Responsable des achats;06 53 73 37 77;ines.roussel@gmail.com
CT00165;CL00142;MULLER;Mathieu;Responsable des achats;0622821781;mathieu.muller@wanadoo.fr
CT00166;CL00143;LEMAIRE;Mathieu;Responsable des achats;07.60.60.56.03;mathieu.lemaire@free.fr
CT00167;CL00143;LAMBERT;Émilie;Gérante;06 79 86 23 98;emilie.lambert@sfr.fr
CT00168;CL00144;CLÉMENT;Mathieu;;0775489547;mathieu.clement@laposte.net
CT00169;CL00145;DUPONT;Sophie;;06.75.17.58.89;sophie.dupont@wanadoo.fr
CT00170;CL00146;PERRIN;Karim;;07 98 35 53 93;karim.perrin@free.fr
CT00171;CL00147;BLANC;Aurélie;Assistante de direction;07 39 24 35 88;aurelie.blanc@laposte.net
CT00172;CL00147;ROUSSEL;Inès;Comptable;07 33 95 27 53;ines.roussel@orange.fr
CT00173;CL00148;LEGRAND;Léa;Assistante de direction;+33 6 41 68 60 13;lea.legrand@free.fr
CT00174;CL00148;FAURE;Émilie;Responsable technique;07 34 06 79 17;emilie.faure@sfr.fr
CT00175;CL00148;LEROY;Isabelle;Responsable des achats;+33 6 01 41 88 42;isabelle.leroy@gmail.com
CT00176;CL00149;LOPEZ;Marie;;07 33 39 99 48;marie.lopez@wanadoo.fr
CT00177;CL00150;MULLER;Hélène;;07 32 63 89 02;helene.muller@gmail.com
CT00178;CL00151;GUÉRIN;Camille;;33613633792;camille.guerin@free.fr
CT00179;CL00152;PETIT;Jean;Directrice;07 73 31 16 77;jean.petit@orange.fr
CT00180;CL00152;PERRIN;Rémi;Gérante;07 68 55 07 89;remi.perrin@laposte
CT00181;CL00153;MERCIER;Nicolas;Responsable des achats;06.43.69.70.93;
CT00182;CL00154;THOMAS;Isabelle;;33795560767;isabelle.thomas@wanadoo.fr
CT00183;CL00155;DUPONT;Noémie;;0754722398;noemie.dupont@free.fr
CT00184;CL00156;ROUX;Julien;;+33 6 30 39 11 14;julien.roux@gmail.com
CT00185;CL00157;MASSON;Émilie;Comptable;0628230524;
CT00186;CL00158;THOMAS;Hélène;Directrice;0623959473;helene.thomas@orange.fr
CT00187;CL00158;LOPEZ;Nathalie;Responsable des achats;06.16.20.47.87;nathalie.lopez@orange.fr
CT00188;CL00158;GUÉRIN;Sandrine;Directrice;+33 7 99 64 86 28;sandrine.guerin@laposte.net
CT00189;CL00159;MASSON;Isabelle;;07 41 96 66 45;isabelle.masson@gmail.com
CT00190;CL00160;MORIN;Sandrine;;33679246320;sandrine.morin@gmail.com
CT00191;CL00161;FAURE;Camille;;;camille.faure@free.fr
CT00192;CL00162;VINCENT;Camille;Directrice;06 28 40 08 38;camille.vincent@gmail.com
CT00193;CL00163;BOYER;Chloé;Responsable technique;07.50.89.17.76;
CT00194;CL00163;MASSON;Léa;Assistante de direction;06 26 57 42 23;lea.masson@wanadoo.fr
CT00195;CL00164;VINCENT;Julien;;+33 6 40 23 69 36;julien.vincent@laposte.net
CT00196;CL00165;FONTAINE;Pierre;;07 30 12 04 71;pierre.fontaine@laposte.net
CT00197;CL00166;GAUTHIER;Inès;;07 58 29 84 93;
CT00198;CL00167;ROUX;Antoine;Comptable;06.37.21.88.56;antoine.roux@sfr.fr
CT00199;CL00167;GIRARD;Céline;Assistante de direction;+33 7 93 66 34 39;celine.girard@gmail.com
CT00200;CL00168;MOREL;Hugo;Gérant;06 10 28 67;
CT00201;CL00168;LAURENT;Marie;Responsable des achats;07 59 10 24 51;marie.laurent@orange.fr
CT00202;CL00168;DUBOIS;Chloé;Gérante;06 67 14 94 98;chloe.dubois@gmail.com
CT00203;CL00169;SIMON;Karim;;07.52.77.58.44;karim.simon@orange.fr
CT00204;CL00170;MASSON;Isabelle;;06 45 33 72 20;isabelle.masson@laposte.net
CT00205;CL00171;CHEVALIER;Inès;;07.66.18.94.37;ines.chevalier@gmail.com
CT00206;CL00172;LEFÈVRE;Camille;Responsable des achats;+33 7 62 77 65 72;camille.lefevre@gmail.com
CT00207;CL00172;LOPEZ;François;Responsable des achats;06 02 46 17 52;francois.lopez@wanadoo.fr
CT00208;CL00173;NICOLAS;Karim;Comptable;06 60 05 59 55;karim.nicolas@free.fr
CT00209;CL00173;DENIS;Inès;Responsable technique;07.86.89.99.36;ines.denis@orange.fr
CT00210;CL00173;DUBOIS;Émilie;Responsable technique;07 79 93 59 37;emilie.dubois@wanadoo.fr
CT00211;CL00174;FRANÇOIS;Julien;;07 64 08 30 37;
CT00212;CL00175;RICHARD;Camille;;0788608490;camille.richard@gmail.com
CT00213;CL00176;MOREL;Hélène;;;helene.morel@sfr.fr
CT00214;CL00177;CLÉMENT;Céline;Gérante;07.32.51.44.88;
CT00215;CL00178;DURAND;Noémie;Gérant;06 79 41 51 52;noemie.durand@gmail.com
CT00216;CL00179;DUBOIS;Jean;;0612252883;jean.dubois@free.fr
CT00217;CL00180;MULLER;Émilie;;0766186323;emilie.muller@wanadoo.fr
CT00218;CL00181;DUMONT;Hugo;;33637876553;
CT00219;CL00182;MARTIN;Hugo;Comptable;0760571219;hugo.martin@free
CT00220;CL00183;LEROY;Karim;Assistante de direction;07.56.18.51.74;karim.leroy@laposte.net
CT00221;CL00183;BERNARD;Céline;Gérant;06.89.91.51.14;celine.bernard@free.fr
CT00222;CL00183;DURAND;Isabelle;Responsable des achats;;isabelle.durand@sfr.fr
CT00223;CL00184;LEGRAND;Marie;;0621190170;marie.legrand@sfr.fr
CT00224;CL00185;ROUSSEAU;Mathieu;;06.98.31.52.29;mathieu.rousseau@sfr.fr
CT00225;CL00187;MORIN;Inès;;+33 6 28 36 08 49;ines.morin@gmail.com
CT00226;CL00188;FAURE;Léa;Gérante;;lea.faure@orange.fr
CT00227;CL00189;PERRIN;Noémie;Responsable technique;06.62.34.19.03;noemie.perrin@gmail.com
CT00228;CL00190;DURAND;Inès;;07 37 22 15 56;ines.durand@gmail.com
CT00229;CL00191;MERCIER;Léa;;;lea.mercier@free.fr
CT00230;CL00192;MORIN;Jean;;33600784361;jean.morin@free
CT00231;CL00193;LAURENT;François;Responsable des achats;+33 7 64 27 37 20;francois.laurent@gmail.com
CT00232;CL00193;DUPONT;Nathalie;Gérante;06.45.84.14.84;
CT00233;CL00194;PETIT;Nathalie;Gérante;0678020586;
CT00234;CL00194;LEFÈVRE;Isabelle;Comptable;07 44 93 69 99;isabelle.lefevre@gmail.com
CT00235;CL00194;PERRIN;Thomas;Responsable des achats;;
CT00236;CL00195;ROUSSEL;Noémie;;06 36 03 76 81;noemie.roussel@gmail.com
CT00237;CL00196;GAUTHIER;Thomas;;;thomas.gauthier@sfr.fr
CT00238;CL00200;MOREL;Karim;;+33 7 31 53 91 14;karim.morel@free.fr
CT00239;CL00201;DUBOIS;Karim;Gérante;06 73 65 11 89;karim.dubois@wanadoo.fr
CT00240;CL00202;FRANÇOIS;Yannick;Responsable des achats;07 82 01 90 43;yannick.francois@free.fr
CT00241;CL00203;BERTRAND;Camille;;06 33 32 47 07;camille.bertrand@wanadoo.fr
CT00242;CL00204;VINCENT;Émilie;;06 54 62 12 76;emilie.vincent@gmail.com
CT00243;CL00205;MERCIER;Sandrine;;07 32 48 88;sandrine.mercier@sfr.fr
CT00244;CL00206;LEMAIRE;Chloé;Gérante;07 62 97 45 49;chloe.lemaire@sfr.fr
CT00245;CL00207;LEFÈVRE;Hélène;Assistante de direction;+33 7 69 20 82 83;helene.lefevre@free.fr
CT00246;CL00208;LEFÈVRE;François;;06 38 81 58 81;francois.lefevre@gmail.com
CT00247;CL00209;DURAND;Mathieu;;0667323182;
CT00248;CL00210;ROUSSEL;Léa;;+33 6 57 24 50 00;lea.roussel@wanadoo.fr
CT00249;CL00211;BOYER;Sandrine;Gérante;+33 6 13 71 78 50;sandrine.boyer@gmail.com
CT00250;CL00212;BERNARD;Sandrine;Responsable technique;06 99 87 47 81;sandrine.bernard@orange.fr
CT00251;CL00212;VINCENT;Inès;Responsable technique;07 70 86 70 09;ines.vincent@sfr.fr
CT00252;CL00212;DAVID;Hélène;Gérant;07 84 82 66 91;helene.david@free.fr
CT00253;CL00213;ROBIN;Camille;;0750542960;
CT00254;CL00214;BLANC;Nicolas;;+33 6 36 99 87 95;
CT00255;CL00215;GAUTHIER;Karim;;+33 6 21 04 01 64;karim.gauthier@sfr.fr
CT00256;CL00216;BLANC;Sandrine;Comptable;06.81.64.32.12;sandrine.blanc@gmail.com
CT00257;CL00216;VINCENT;Sandrine;Comptable;07.64.20.36.25;sandrine.vincent@orange.fr
CT00258;CL00216;FRANÇOIS;Thomas;Responsable des achats;07.40.26.35.58;thomas.francois@gmail.com
CT00259;CL00217;CLÉMENT;Pierre;Directrice;07 48 98 80 31;pierre.clement@laposte.net
CT00260;CL00218;MARTINEZ;Émilie;;07.52.79.05.04;
CT00261;CL00219;MOREAU;Sophie;;06 35 38 49 51;sophie.moreau@free.fr
CT00262;CL00220;DUMONT;Yannick;;0619787180;yannick.dumont@orange.fr
CT00263;CL00221;RICHARD;Mathieu;Gérante;;mathieu.richard@wanadoo.fr
CT00264;CL00221;ROUSSEAU;Karim;Gérant;+33 7 86 88 00 23;karim.rousseau@free.fr
CT00265;CL00221;BERNARD;Hugo;Directrice;0682980365;hugo.bernard@gmail.com
CT00266;CL00222;FONTAINE;Céline;Comptable;06 14 91 18 94;celine.fontaine@sfr.fr
CT00267;CL00222;GARCIA;Hélène;Responsable des achats;06 13 74 55 61;helene.garcia@sfr.fr
CT00268;CL00223;THOMAS;Nathalie;;06.76.66.08.11;nathalie.thomas@wanadoo.fr
CT00269;CL00224;CLÉMENT;Jean;;+33 6 08 35 66 91;jean.clement@gmail.com
CT00270;CL00225;DUPONT;Inès;;07 76 82 93 84;ines.dupont@laposte.net
CT00271;CL00226;DAVID;Céline;Responsable des achats;06 54 37 88 26;celine.david@sfr
CT00272;CL00227;PERRIN;Sandrine;Comptable;07.70.90.85.99;sandrine.perrin@gmail.com
CT00273;CL00227;VINCENT;Hugo;Comptable;07.49.26.99.96;hugo.vincent@orange.fr
CT00274;CL00228;ROBIN;Chloé;;0789971842;chloe.robin@laposte.net
CT00275;CL00229;LEFÈVRE;Nathalie;;0625914084;nathalie.lefevre@laposte.net
CT00276;CL00230;MARTINEZ;Émilie;;0612342669;emilie.martinez@orange.fr
CT00277;CL00231;PERRIN;Yannick;Directrice;06 61 76 07 23;yannick.perrin@gmail.com
CT00278;CL00231;FONTAINE;Nathalie;Responsable technique;;nathalie.fontaine@sfr.fr
CT00279;CL00232;MOREAU;Yannick;Responsable technique;06.82.69.58.26;yannick.moreau@sfr.fr
CT00280;CL00233;FAURE;Nathalie;;07 56 13 08 76;nathalie.faure@sfr.fr
CT00281;CL00235;RICHARD;Marie;;07 95 14 34 68;marie.richard@orange.fr
CT00282;CL00236;PERRIN;Marie;;07 96 61 01 68;marie.perrin@free.fr
CT00283;CL00237;DENIS;Chloé;Responsable des achats;06 01 68 09 41;chloe.denis@free.fr
CT00284;CL00238;THOMAS;Émilie;Responsable des achats;06 72 66 29 25;emilie.thomas@laposte.net
CT00285;CL00238;CHEVALIER;Noémie;Responsable des achats;07 60 29 91 40;noemie.chevalier@laposte.net
CT00286;CL00239;DUPONT;Mathieu;;06.33.73.12.55;mathieu.dupont@sfr.fr
CT00287;CL00240;DUBOIS;Rémi;;06 19 20 61 36;remi.dubois@free.fr
CT00288;CL00241;LOPEZ;Noémie;;07 78 95 61 33;noemie.lopez@wanadoo.fr
CT00289;CL00242;VINCENT;Céline;Comptable;06 95 02 64;celine.vincent@free.fr
CT00290;CL00242;ROUX;Céline;Gérante;+33 6 21 02 17 98;celine.roux@gmail.com
CT00291;CL00242;LEFÈVRE;Julien;Directrice;33698579736;julien.lefevre@sfr.fr
CT00292;CL00246;DAVID;Sophie;Comptable;+33 7 60 53 97 07;sophie.david@sfr.fr
CT00293;CL00246;FONTAINE;Mathieu;Gérant;33770673682;
CT00294;CL00246;ROBIN;Jean;Gérant;06 23 55 21 65;jean.robin@laposte.net
CT00295;CL00247;CLÉMENT;Antoine;;07 69 21 82 19;antoine.clement@laposte.net
CT00296;CL00248;ROBERT;Manon;;0689843699;manon.robert@laposte.net
CT00297;CL00249;DAVID;Isabelle;;06.05.09.38.69;isabelle.david@gmail.com
CT00298;CL00250;MATHIEU;Nicolas;Responsable technique;06.14.57.88.70;nicolas.mathieu@free.fr
CT00299;CL00250;ANDRÉ;Isabelle;Directrice;07 67 38 20 97;isabelle.andre@orange.fr
CT00300;CL00251;ROBERT;Sandrine;Directrice;;sandrine.robert@wanadoo.fr
CT00301;CL00251;LOPEZ;Noémie;Gérante;07 89 37 08 58;noemie.lopez@orange.fr
CT00302;CL00251;GAUTHIER;Mathieu;Comptable;06 01 24 82 55;mathieu.gauthier@orange.fr
CT00303;CL00252;LEROY;Pierre;;07.32.59.42.32;pierre.leroy@sfr.fr
CT00304;CL00253;GUÉRIN;Hugo;;06 38 91 56 24;hugo.guerin@free.fr
CT00305;CL00254;GUÉRIN;Manon;;;manon.guerin@free.fr
CT00306;CL00255;GIRARD;Inès;Responsable technique;;ines.girard@sfr.fr
CT00307;CL00256;DUPONT;Noémie;Assistante de direction;07 74 43 03 49;noemie.dupont@sfr.fr
CT00308;CL00256;ROUSSEAU;Olivier;Responsable des achats;0679720385;olivier.rousseau@sfr.fr
CT00309;CL00257;GAUTHIER;Yannick;;07 36 41 54 71;yannick.gauthier@gmail.com
CT00310;CL00258;ROUX;Manon;;+33 6 59 36 78 13;manon.roux@gmail.com
CT00311;CL00260;FONTAINE;Céline;;0798198780;celine.fontaine@free.fr
CT00312;CL00261;MARTIN;Julien;Responsable des achats;;julien.martin@free.fr
CT00313;CL00261;ROUSSEL;Inès;Directrice;07 44 22 75;ines.roussel@laposte.net
CT00314;CL00262;GUÉRIN;Mathieu;Directrice;;mathieu.guerin@free.fr
CT00315;CL00262;BOYER;Yannick;Gérant;06.00.02.45.39;yannick.boyer@laposte.net
CT00316;CL00263;GUÉRIN;Camille;;06 55 13 05 57;camille.guerin@orange.fr
CT00317;CL00264;MORIN;Émilie;;06 14 44 88 96;emilie.morin@wanadoo.fr
CT00318;CL00265;SANCHEZ;Sandrine;;07 36 77 46 20;sandrine.sanchez@wanadoo.fr
CT00319;CL00266;MERCIER;Céline;Gérant;0628123123;celine.mercier@orange.fr
CT00320;CL00267;MORIN;Céline;Directrice;06.18.36.47.23;celine.morin@sfr.fr
CT00321;CL00268;MULLER;Nathalie;;0768172257;nathalie.muller@gmail.com
CT00322;CL00269;SIMON;Aurélie;;0772629052;aurelie.simon@free.fr
CT00323;CL00270;MOREL;François;;;francois.morel@wanadoo.fr
CT00324;CL00271;ROBERT;Émilie;Directrice;0699205222;emilie.robert@wanadoo.fr
CT00325;CL00272;MICHEL;Sandrine;Gérant;07 59 14 38 82;sandrine.michel@laposte.net
CT00326;CL00272;MATHIEU;Camille;Responsable des achats;06.58.44.61.77;camille.mathieu@wanadoo.fr
CT00327;CL00272;GARCIA;Isabelle;Gérant;0744979127;isabelle.garcia@laposte.net
CT00328;CL00273;BONNET;Thomas;;;thomas.bonnet@sfr.fr
CT00329;CL00274;MARTIN;Noémie;;06 01 25 60 83;noemie.martin@sfr.fr
CT00330;CL00275;DURAND;Hélène;;07.97.88.89.75;helene.durand@free.fr
CT00331;CL00276;CLÉMENT;Inès;Comptable;;ines.clement@free.fr
CT00332;CL00276;HENRY;Noémie;Comptable;06.95.01.43.74;noemie.henry@@gmail.com
CT00333;CL00277;THOMAS;Chloé;Assistante de direction;07 71 39 71 91;
CT00334;CL00278;FOURNIER;Hugo;;06 32 17 67 20;hugo.fournier@orange.fr
CT00335;CL00279;MULLER;Yannick;;06.66.12.20.19;yannick.muller@wanadoo.fr
CT00336;CL00280;GIRARD;Mathieu;;07 33 93 04 93;mathieu.girard@wanadoo.fr
CT00337;CL00281;MARTIN;Aurélie;Comptable;07 81 24 21 14;aurelie.martin@orange.fr
CT00338;CL00281;LAMBERT;Mathieu;Responsable technique;06 95 22 94 62;mathieu.lambert@sfr.fr
CT00339;CL00281;LEFÈVRE;Yannick;Responsable technique;07 58 58 56 42;
CT00340;CL00284;CHEVALIER;Rémi;Gérant;07.90.63.22.48;remi.chevalier@orange
CT00341;CL00285;LEMAIRE;Hélène;;0603403010;helene.lemaire@free.fr
CT00342;CL00286;BERTRAND;Mathieu;;07.56.49.15.79;mathieu.bertrand@laposte.net
CT00343;CL00287;NICOLAS;Rémi;;06 34 71 24 76;
CT00344;CL00288;MASSON;Sophie;Gérante;0668317641;sophie.masson@sfr.fr
CT00345;CL00289;GUÉRIN;Jean;Comptable;0771290150;jean.guerin@sfr.fr
CT00346;CL00290;ANDRÉ;Jean;;06 30 73 51 04;jean.andre@gmail.com
CT00347;CL00291;MERCIER;Sophie;;06 62 13 00 96;sophie.mercier@free.fr
CT00348;CL00292;MULLER;Sandrine;;0766947031;sandrine.muller@sfr.fr
CT00349;CL00293;NICOLAS;Hélène;Directrice;0766621591;helene.nicolas@orange.fr
CT00350;CL00294;BERNARD;Marie;Directrice;07 61 45 90 11;marie.bernard@gmail.com
CT00351;CL00294;CLÉMENT;Émilie;Gérant;0649388194;emilie.clement@gmail.com
CT00352;CL00295;LEFÈVRE;Céline;;+33 6 52 04 99 80;celine.lefevre@wanadoo.fr
CT00353;CL00296;MASSON;Céline;;07 98 73 13 79;celine.masson@sfr.fr
CT00354;CL00297;MASSON;Céline;;06 77 94 33 25;celine.masson@laposte.net
CT00355;CL00298;CLÉMENT;Hugo;Assistante de direction;06 37 08 78 21;
CT00356;CL00298;SIMON;Aurélie;Comptable;07 80 18 64 48;aurelie.simon@wanadoo.fr
CT00357;CL00298;MARTINEZ;Camille;Gérante;07 85 70 82 00;
CT00358;CL00299;MOREL;Karim;Responsable des achats;06.36.91.49.61;karim.morel@wanadoo.fr
CT00359;CL00299;SIMON;Inès;Assistante de direction;06 27 48 83 56;ines.simon@laposte.net
CT00360;CL00300;FOURNIER;Inès;;0783496047;ines.fournier@laposte.net
CT00361;CL00301;MORIN;Léa;;0662259364;lea.morin@laposte
CT00362;CL00302;MATHIEU;Isabelle;;33648688390;isabelle.mathieu@sfr.fr
CT00363;CL00303;LAMBERT;Karim;Responsable des achats;07 99 16 09 11;karim.lambert@orange.fr
CT00364;CL00303;LEMAIRE;Sophie;Comptable;0659236133;sophie.lemaire@sfr.fr
CT00365;CL00304;GIRARD;Isabelle;Responsable technique;33788165025;isabelle.girard@orange.fr
CT00366;CL00305;CHEVALIER;Aurélie;;;aurelie.chevalier@free.fr
CT00367;CL00306;MORIN;Antoine;;+33 6 14 17 46 81;antoine.morin@laposte.net
CT00368;CL00307;FOURNIER;Antoine;;07.64.86.98.93;antoine.fournier@sfr.fr
CT00369;CL00308;MULLER;Émilie;Directrice;06 98 86 36 53;emilie.muller@free.fr
CT00370;CL00308;LEROY;Sophie;Responsable technique;07.90.67.00.09;sophie.leroy@sfr.fr
CT00371;CL00308;BOYER;Nicolas;Assistante de direction;07 67 60 56 42;nicolas.boyer@free.fr
CT00372;CL00309;MOREL;François;Directrice;+33 7 80 97 45 33;francois.morel@free.fr
CT00373;CL00309;BERNARD;François;Responsable des achats;07 46 62 26 54;francois.bernard@orange.fr
CT00374;CL00310;LOPEZ;Hélène;;07 30 06 22 12;helene.lopez@free.fr
CT00375;CL00311;PERRIN;Hélène;;07 74 62 59 16;
CT00376;CL00312;FAURE;Noémie;;06 15 84 88 60;noemie.faure@free.fr
CT00377;CL00313;MARTIN;Sophie;Directrice;33778231299;sophie.martin@laposte.net
CT00378;CL00313;SANCHEZ;Jean;Comptable;07 42 61 21 20;jean.sanchez@free.fr
CT00379;CL00313;CHEVALIER;Rémi;Directrice;07 96 80 78 52;remi.chevalier@laposte.net
CT00380;CL00314;LAURENT;Céline;Assistante de direction;06 85 45 40 06;celine.laurent@orange.fr
CT00381;CL00314;VINCENT;Mathieu;Gérante;0611232748;mathieu.vincent@laposte.net
CT00382;CL00314;FAURE;Aurélie;Gérant;07 76 33 42 72;aurelie.faure@sfr.fr
CT00383;CL00315;MOREL;Sandrine;;+33 6 17 50 80 19;sandrine.morel@sfr.fr
CT00384;CL00316;ROBIN;Mathieu;;06 06 93 58 82;mathieu.robin@gmail.com
CT00385;CL00317;FRANÇOIS;Mathieu;;;mathieu.francois@free.fr
CT00386;CL00318;BERTRAND;François;Gérante;0653912878;francois.bertrand@gmail.com
CT00387;CL00318;GUÉRIN;Sandrine;Assistante de direction;0798829045;sandrine.guerin@laposte.net
CT00388;CL00319;PETIT;Julien;Responsable technique;07 30 19 86 42;julien.petit@laposte.net
CT00389;CL00319;LEMAIRE;Léa;Directrice;0683391218;lea.lemaire@wanadoo.fr
CT00390;CL00320;GAUTHIER;Yannick;;06 28 80 98 32;
CT00391;CL00321;FOURNIER;Rémi;;06 00 18 67 66;remi.fournier@@gmail.com
CT00392;CL00322;FAURE;Sandrine;;07 61 08 14 35;sandrine.faure@sfr.fr
CT00393;CL00323;FONTAINE;Nathalie;Responsable technique;06.19.80.74.68;nathalie.fontaine@sfr.fr
CT00394;CL00324;BONNET;Noémie;Comptable;06 00 30 76 20;noemie.bonnet@sfr.fr
CT00395;CL00324;GIRARD;Sandrine;Responsable des achats;06 50 06 66 64;
CT00396;CL00325;LOPEZ;Marie;;07 41 13 40 78;marie.lopez@wanadoo.fr
CT00397;CL00326;MARTIN;Nathalie;;0783482689;nathalie.martin@sfr.fr
CT00398;CL00327;BLANC;Manon;;06 83 86 88 89;manon.blanc@laposte.net
CT00399;CL00328;SANCHEZ;Chloé;Responsable technique;0620126578;chloe.sanchez@gmail.com
CT00400;CL00328;LAURENT;Hélène;Gérant;06 95 21 75 58;helene.laurent@gmail.com
CT00401;CL00329;FAURE;Émilie;Comptable;06.74.69.21.18;emilie.faure@free.fr
CT00402;CL00329;MULLER;Nicolas;Comptable;;nicolas.muller@free.fr
CT00403;CL00330;PETIT;Antoine;;+33 7 57 05 68 20;antoine.petit@sfr.fr
CT00404;CL00331;ROUSSEL;Karim;;0689540017;karim.roussel@free.fr
CT00405;CL00332;BONNET;Sophie;;;sophie.bonnet@sfr.fr
CT00406;CL00333;MARTIN;Karim;Responsable technique;33611950927;karim.martin@gmail.com
CT00407;CL00333;DENIS;Aurélie;Directrice;06 05 37 09 23;aurelie.denis@gmail.com
CT00408;CL00334;ROUSSEL;Antoine;Responsable technique;+33 6 89 48 54 32;antoine.roussel@wanadoo
CT00409;CL00334;BONNET;Hugo;Responsable des achats;+33 7 52 94 47 16;hugo.bonnet@sfr.fr
CT00410;CL00335;MICHEL;Nathalie;;06 73 48 13 10;
CT00411;CL00336;THOMAS;Chloé;;07 32 17 43 57;chloe.thomas@free.fr
CT00412;CL00337;DURAND;Julien;;06.68.06.48.60;julien.durand@orange.fr
CT00413;CL00338;MULLER;Nathalie;Responsable technique;;nathalie.muller@wanadoo.fr
CT00414;CL00338;GIRARD;Antoine;Directrice;0762392090;antoine.girard@gmail.com
CT00415;CL00338;MASSON;Antoine;Comptable;+33 6 22 06 95 35;antoine.masson@gmail.com
CT00416;CL00339;GAUTHIER;Isabelle;Comptable;+33 6 27 59 50 02;isabelle.gauthier@gmail.com
CT00417;CL00340;MARTIN;Jean;;06 51 53 25 94;jean.martin@wanadoo.fr
CT00418;CL00341;MERCIER;Thomas;;06 59 50 31;thomas.mercier@free.fr
CT00419;CL00342;ROUX;Hugo;;0636089411;hugo.roux@wanadoo.fr
CT00420;CL00343;GARCIA;Mathieu;Assistante de direction;06 85 53 59 52;mathieu.garcia@free.fr
CT00421;CL00344;THOMAS;François;Assistante de direction;06 06 96 80 18;francois.thomas@laposte.net
CT00422;CL00345;MORIN;François;;06 78 42 33 94;francois.morin@free.fr
CT00423;CL00346;GIRARD;Hugo;;06 06 77 62 55;hugo.girard@free.fr
CT00424;CL00347;ROUSSEAU;Mathieu;;06 73 65 42 62;mathieu.rousseau@free.fr
CT00425;CL00348;LAURENT;Hugo;Comptable;0633451100;hugo.laurent@gmail.com
CT00426;CL00348;BONNET;Olivier;Gérante;33688684302;olivier.bonnet@wanadoo.fr
CT00427;CL00349;LAMBERT;Émilie;Assistante de direction;06 45 75 98 87;emilie.lambert@orange.fr
CT00428;CL00349;LAURENT;Pierre;Assistante de direction;+33 7 42 60 33 62;pierre.laurent@orange.fr
CT00429;CL00350;GAUTHIER;Nicolas;;07 82 14 77 09;nicolas.gauthier@orange.fr
CT00430;CL00351;FRANÇOIS;Mathieu;;33738558819;mathieu.francois@gmail.com
CT00431;CL00352;PERRIN;Pierre;;;pierre.perrin@laposte.net
CT00432;CL00353;GARNIER;Isabelle;Responsable technique;06 18 22 72 00;isabelle.garnier@sfr.fr
CT00433;CL00353;VINCENT;Léa;Responsable des achats;06 22 04 14;lea.vincent@orange.fr
CT00434;CL00353;FONTAINE;Nicolas;Comptable;06.16.59.93.02;nicolas.fontaine@wanadoo.fr
CT00435;CL00354;DUBOIS;Mathieu;Responsable technique;06 32 27 75 21;mathieu.dubois@orange.fr
CT00436;CL00355;ROBIN;Yannick;;06 81 65 06 46;yannick.robin@gmail.com
CT00437;CL00356;MARTINEZ;Noémie;;0677756919;noemie.martinez@gmail.com
CT00438;CL00357;MOREAU;Antoine;;+33 6 29 83 10 43;antoine.moreau@gmail.com
CT00439;CL00358;ROBERT;Chloé;Gérante;06 31 67 08 05;chloe.robert@laposte.net
CT00440;CL00358;LEMAIRE;François;Responsable des achats;06 63 62 19 86;
CT00441;CL00359;VINCENT;Rémi;Gérant;07 66 34 93 39;
CT00442;CL00359;MATHIEU;Chloé;Gérante;06 26 26 11 42;chloe.mathieu@laposte.net
CT00443;CL00359;CLÉMENT;Nicolas;Comptable;;nicolas.clement@wanadoo.fr
CT00444;CL00360;DENIS;Manon;;33638532472;manon.denis@wanadoo.fr
CT00445;CL00361;BONNET;Rémi;;+33 6 34 30 31 15;remi.bonnet@free.fr
CT00446;CL00362;MARTIN;Julien;;0776947576;julien.martin@laposte
CT00447;CL00363;FONTAINE;Rémi;Gérante;;remi.fontaine@wanadoo.fr
CT00448;CL00363;ROUSSEAU;Hélène;Responsable technique;0612545080;helene.rousseau@gmail.com
CT00449;CL00364;FOURNIER;Inès;Gérante;+33 7 92 55 96 64;ines.fournier@gmail.com
CT00450;CL00364;DAVID;Jean;Responsable technique;;jean.david@laposte.net
CT00451;CL00364;CLÉMENT;Julien;Gérante;0626145430;julien.clement@wanadoo.fr
CT00452;CL00365;ROBERT;Aurélie;;;aurelie.robert@wanadoo.fr
CT00453;CL00366;LOPEZ;Jean;;0668744701;jean.lopez@gmail.com
CT00454;CL00367;BONNET;Mathieu;;06 86 52 37 77;mathieu.bonnet@orange.fr
CT00455;CL00368;BONNET;Thomas;Gérant;07.58.00.02.72;
CT00456;CL00368;LAURENT;Antoine;Gérante;06.60.94.39.13;antoine.laurent@laposte.net
CT00457;CL00369;FAURE;Isabelle;Gérante;0795528620;isabelle.faure@gmail.com
CT00458;CL00370;MARTIN;Jean;;07 35 25 95 33;jean.martin@wanadoo.fr
CT00459;CL00371;BERTRAND;Rémi;;07 39 38 99 20;remi.bertrand@wanadoo.fr
CT00460;CL00372;ROUSSEL;Aurélie;;06 53 23 66 18;
CT00461;CL00373;RICHARD;Marie;Gérant;06 69 71 82 36;
CT00462;CL00373;DURAND;Nicolas;Comptable;+33 6 88 21 76 48;nicolas.durand@laposte.net
CT00463;CL00374;LEFÈVRE;Antoine;Gérante;06.33.22.28.01;antoine.lefevre@laposte.net
CT00464;CL00374;MOREAU;Camille;Responsable des achats;06 22 56 06;camille.moreau@sfr.fr
CT00465;CL00375;BLANC;Manon;;07 37 31 18 04;manon.blanc@free.fr
CT00466;CL00376;BOYER;Sophie;;06 07 53 84 18;
CT00467;CL00379;GARCIA;Chloé;;07 56 15 47 05;chloe.garcia@wanadoo.fr
CT00468;CL00380;MORIN;Aurélie;Directrice;07 52 07 02 04;aurelie.morin@gmail.com
CT00469;CL00381;ROBERT;Chloé;Gérante;06 24 13 93 69;chloe.robert@wanadoo.fr
CT00470;CL00382;NICOLAS;Hugo;;33698731267;hugo.nicolas@wanadoo.fr
CT00471;CL00383;LOPEZ;Hugo;;0627607598;hugo.lopez@sfr.fr
CT00472;CL00384;GARNIER;Camille;;07 43 08 95 23;
CT00473;CL00385;ROUSSEL;Pierre;Responsable des achats;07 76 44 97 47;
CT00474;CL00386;BONNET;Léa;Responsable technique;33776497974;lea.bonnet@laposte.net
CT00475;CL00387;DENIS;Yannick;;07 60 45 00 63;yannick.denis@orange.fr
CT00476;CL00388;BLANC;Nicolas;;07 49 69 27 71;nicolas.blanc@laposte.net
CT00477;CL00389;DUBOIS;Inès;;07 35 30 59 70;ines.dubois@wanadoo.fr
CT00478;CL00390;BLANC;Isabelle;Gérante;+33 7 43 15 94 89;isabelle.blanc@laposte.net
CT00479;CL00391;PERRIN;Hélène;Directrice;+33 7 34 54 43 44;helene.perrin@free.fr
CT00480;CL00391;FOURNIER;Chloé;Assistante de direction;07 64 08 82 23;chloe.fournier@gmail.com
CT00481;CL00392;GAUTHIER;Manon;;07 39 88 94 13;manon.gauthier@laposte.net
CT00482;CL00393;LEGRAND;Isabelle;;06 21 70 75 48;isabelle.legrand@sfr.fr
CT00483;CL00394;RICHARD;Sandrine;;07 57 92 20 30;sandrine.richard@wanadoo.fr
CT00484;CL00395;FOURNIER;Hélène;Assistante de direction;06 75 65 89 63;helene.fournier@gmail.com
CT00485;CL00395;GAUTHIER;Olivier;Assistante de direction;07 34 56 63 11;olivier.gauthier@laposte.net
CT00486;CL00396;THOMAS;Thomas;Gérante;06.46.31.04.37;thomas.thomas@free.fr
CT00487;CL00396;CHEVALIER;Yannick;Directrice;;yannick.chevalier@wanadoo.fr
CT00488;CL00397;LAURENT;Léa;;07 74 17 43 04;lea.laurent@wanadoo.fr
CT00489;CL00398;GARNIER;Aurélie;;06 33 03 03 34;aurelie.garnier@orange.fr
CT00490;CL00399;LEMAIRE;Antoine;;0775076279;antoine.lemaire@wanadoo.fr
CT00491;CL00400;DAVID;Sandrine;Comptable;+33 7 30 12 39 84;sandrine.david@gmail.com
CT00492;CL00400;BERNARD;Thomas;Responsable des achats;06 02 84 71 90;thomas.bernard@free.fr
CT00493;CL00401;CLÉMENT;Manon;Responsable technique;06 76 48 71 77;manon.clement@orange.fr
CT00494;CL00402;CHEVALIER;Manon;;06 40 65 83 87;manon.chevalier@gmail.com
CT00495;CL00403;GUÉRIN;Chloé;;06 22 59 09 56;chloe.guerin@wanadoo.fr
CT00496;CL00404;SIMON;Chloé;;06 37 33 79 12;chloe.simon@wanadoo.fr
CT00497;CL00405;DURAND;Inès;Gérant;33658690170;ines.durand@laposte.net
CT00498;CL00406;BOYER;Mathieu;Responsable technique;06.99.94.52.95;mathieu.boyer@orange.fr
CT00499;CL00407;MICHEL;Hugo;;0622764338;hugo.michel@gmail.com
CT00500;CL00408;MASSON;Pierre;;33621626549;pierre.masson@free.fr
CT00501;CL00409;BONNET;Nicolas;;06 83 34 44 70;nicolas.bonnet@orange.fr
CT00502;CL00410;ROUSSEAU;Chloé;Gérant;07.70.20.59.68;
CT00503;CL00410;MASSON;Noémie;Comptable;;noemie.masson@free.fr
CT00504;CL00411;BONNET;Nathalie;Directrice;07 52 25 92 06;nathalie.bonnet@free.fr
CT00505;CL00411;GUÉRIN;Pierre;Gérante;06 59 22 94 11;pierre.guerin@orange.fr
CT00506;CL00412;GUÉRIN;Léa;;0695596363;lea.guerin@laposte.net
CT00507;CL00413;DUMONT;Sophie;;07.98.08.51.33;sophie.dumont@orange.fr
CT00508;CL00414;MARTINEZ;Manon;;06 04 98 32 11;manon.martinez@sfr.fr
CT00509;CL00415;SANCHEZ;Pierre;Assistante de direction;06 58 26 86;pierre.sanchez@free.fr
CT00510;CL00416;PETIT;Rémi;Responsable technique;07 88 06 44 20;remi.petit@sfr.fr
CT00511;CL00417;FONTAINE;Camille;;07.78.73.58.56;camille.fontaine@sfr.fr
CT00512;CL00418;BOYER;Aurélie;;06.62.21.32.04;
CT00513;CL00419;FAURE;Sophie;;33614789117;sophie.faure@orange.fr
CT00514;CL00420;ROUSSEL;Chloé;Responsable technique;33628318003;chloe.roussel@sfr.fr
CT00515;CL00420;BERNARD;Sandrine;Comptable;0600532853;sandrine.bernard@wanadoo.fr
CT00516;CL00421;MARTIN;Antoine;Responsable des achats;06.43.83.80.58;antoine.martin@wanadoo.fr
CT00517;CL00422;GUÉRIN;Nicolas;;;nicolas.guerin@sfr.fr
CT00518;CL00423;ROUX;Hélène;;0689633761;helene.roux@orange.fr
CT00519;CL00424;FRANÇOIS;Camille;;06.01.32.82.33;camille.francois@wanadoo.fr
CT00520;CL00425;ROUSSEAU;Sandrine;Gérante;0791875067;sandrine.rousseau@orange.fr
CT00521;CL00425;DUBOIS;François;Responsable des achats;06 08 81 43 19;francois.dubois@wanadoo.fr
CT00522;CL00425;BONNET;Sophie;Comptable;06 59 69 83 84;sophie.bonnet@laposte.net
CT00523;CL00426;LOPEZ;Olivier;Directrice;+33 7 56 86 29 59;olivier.lopez@wanadoo.fr
CT00524;CL00427;CLÉMENT;Céline;;06.55.39.46.07;celine.clement@laposte.net
CT00525;CL00430;CLÉMENT;Julien;;06 74 72 96;julien.clement@sfr.fr
CT00526;CL00431;LAMBERT;Olivier;;07.70.80.89.74;olivier.lambert@laposte.net
CT00527;CL00432;ANDRÉ;Aurélie;Responsable technique;07 41 83 98 41;aurelie.andre@sfr.fr
CT00528;CL00432;LEMAIRE;Émilie;Responsable technique;0669881649;emilie.lemaire@sfr.fr
CT00529;CL00432;MOREL;Jean;Comptable;0648458130;jean.morel@sfr.fr
CT00530;CL00433;LEFÈVRE;Noémie;Responsable technique;+33 7 48 83 99 74;noemie.lefevre@wanadoo.fr
CT00531;CL00433;PETIT;Léa;Responsable des achats;06 02 75 00 03;lea.petit@free.fr
CT00532;CL00433;DUPONT;Rémi;Assistante de direction;07.30.56.41.84;remi.dupont@wanadoo.fr
CT00533;CL00434;BERNARD;Léa;;0767908701;lea.bernard@laposte.net
CT00534;CL00435;LAMBERT;Thomas;;;thomas.lambert@wanadoo.fr
CT00535;CL00436;ANDRÉ;Camille;;06 67 45 68 65;camille.andre@free.fr
CT00536;CL00437;MOREAU;Manon;Responsable technique;0772562221;manon.moreau@orange.fr
CT00537;CL00437;MICHEL;Mathieu;Directrice;06.47.47.64.84;mathieu.michel@wanadoo.fr
CT00538;CL00438;GARCIA;Chloé;Gérant;06 83 50 71 24;chloe.garcia@laposte.net
CT00539;CL00438;PETIT;Isabelle;Assistante de direction;06 03 62 21 17;isabelle.petit@wanadoo.fr
CT00540;CL00438;MOREAU;Mathieu;Directrice;0788395855;mathieu.moreau@laposte.net
CT00541;CL00439;BERNARD;Pierre;;0652516185;pierre.bernard@sfr.fr
CT00542;CL00440;PERRIN;Sophie;;07.74.47.35.35;sophie.perrin@laposte.net
CT00543;CL00441;DUMONT;Chloé;;0644930537;
CT00544;CL00442;DURAND;Inès;Responsable des achats;0633892608;ines.durand@orange.fr
CT00545;CL00443;BOYER;Léa;Gérante;07 87 30 48 62;
CT00546;CL00444;ROUSSEAU;Antoine;;07 65 35 37 80;antoine.rousseau@orange.fr
CT00547;CL00445;DUBOIS;Hugo;;07.34.46.71.77;hugo.dubois@gmail.com
CT00548;CL00446;PETIT;Isabelle;;06 43 36 29 99;isabelle.petit@sfr.fr
CT00549;CL00447;BERTRAND;Antoine;Assistante de direction;06 01 08 98 57;
CT00550;CL00447;GARCIA;Olivier;Gérante;06.18.96.84.42;olivier.garcia@wanadoo.fr
CT00551;CL00448;MASSON;Inès;Responsable des achats;07.95.72.85.75;ines.masson@free.fr
CT00552;CL00448;ROBIN;Inès;Comptable;0624883971;ines.robin@orange.fr
CT00553;CL00448;ROBIN;Hugo;Responsable technique;06.12.30.38.85;hugo.robin@sfr.fr
CT00554;CL00449;GAUTHIER;Camille;;06 99 21 77 90;camille.gauthier@gmail.com
CT00555;CL00450;MOREAU;Émilie;;;
CT00556;CL00451;CLÉMENT;Olivier;;06 60 11 93 91;olivier.clement@wanadoo.fr
CT00557;CL00454;LEROY;Noémie;Responsable technique;06.55.13.60.90;noemie.leroy@sfr.fr
CT00558;CL00454;GUÉRIN;Manon;Comptable;06 04 50 24 37;
CT00559;CL00454;GIRARD;Yannick;Directrice;06 35 39 00 58;yannick.girard@sfr.fr
CT00560;CL00455;RICHARD;Camille;Directrice;06 15 66 39 79;camille.richard@wanadoo.fr
CT00561;CL00455;DURAND;Sophie;Directrice;+33 6 28 37 72 70;sophie.durand@laposte.net
CT00562;CL00456;THOMAS;Pierre;;07 60 53 42 81;pierre.thomas@laposte.net
CT00563;CL00457;PERRIN;Yannick;;0764051038;yannick.perrin@gmail.com
CT00564;CL00458;GUÉRIN;Julien;;07.63.62.81.44;julien.guerin@@orange.fr
CT00565;CL00459;ROBIN;Hugo;Responsable des achats;06 09 69 06 76;hugo.robin@orange.fr
CT00566;CL00459;CLÉMENT;Noémie;Comptable;07 45 51 35 87;noemie.clement@sfr.fr
CT00567;CL00459;LEGRAND;Julien;Responsable des achats;0616403439;julien.legrand@orange
CT00568;CL00460;ROUSSEAU;Karim;Directrice;07 83 33 64 77;karim.rousseau@orange.fr
CT00569;CL00461;SIMON;Nathalie;;06.62.54.20.41;nathalie.simon@orange.fr
CT00570;CL00462;MOREL;Sophie;;06 57 72 04 41;sophie.morel@orange.fr
CT00571;CL00463;CLÉMENT;Sophie;;06.09.79.41.22;sophie.clement@laposte.net
CT00572;CL00464;BERNARD;Hugo;Directrice;06 64 96 32 25;hugo.bernard@wanadoo.fr
CT00573;CL00464;FOURNIER;Manon;Gérant;07 32 61 18 90;manon.fournier@orange.fr
CT00574;CL00465;FRANÇOIS;Sophie;Gérant;0609536621;sophie.francois@wanadoo.fr
CT00575;CL00465;GUÉRIN;Hugo;Directrice;06.07.39.71.30;hugo.guerin@gmail
CT00576;CL00465;RICHARD;Sophie;Directrice;06 87 16 72 21;sophie.richard@orange.fr
CT00577;CL00466;ROBERT;François;;0761719281;
CT00578;CL00468;DUPONT;Aurélie;;06 16 02 52 39;aurelie.dupont@free.fr
CT00579;CL00469;ROUSSEL;Jean;;0632655132;
CT00580;CL00470;NICOLAS;Olivier;Gérant;06 45 59 85 16;olivier.nicolas@free.fr
CT00581;CL00470;HENRY;Aurélie;Assistante de direction;06 26 86 49 86;aurelie.henry@gmail.com
CT00582;CL00471;GAUTHIER;François;Directrice;0608844740;francois.gauthier@orange.fr
CT00583;CL00471;DENIS;Aurélie;Assistante de direction;0740069836;aurelie.denis@sfr.fr
CT00584;CL00471;LEROY;Olivier;Gérante;07 84 86 47 08;olivier.leroy@orange.fr
CT00585;CL00472;CLÉMENT;Céline;;07.62.20.21.23;celine.clement@sfr.fr
CT00586;CL00473;DAVID;Rémi;;06 55 03 30 00;remi.david@wanadoo.fr
CT00587;CL00474;ANDRÉ;Karim;;0773919008;karim.andre@orange.fr
CT00588;CL00475;RICHARD;Sophie;Responsable des achats;06.09.16.92.32;sophie.richard@free.fr
CT00589;CL00475;LEGRAND;Sandrine;Responsable des achats;07 90 60 85;sandrine.legrand@sfr.fr
CT00590;CL00475;MULLER;François;Directrice;06 00 09 98 43;francois.muller@laposte.net
CT00591;CL00476;FONTAINE;Olivier;Gérant;06 81 51 98 54;olivier.fontaine@orange.fr
CT00592;CL00477;DUBOIS;Aurélie;;;aurelie.dubois@sfr.fr
CT00593;CL00478;LEFÈVRE;Olivier;;07 66 72 01 08;olivier.lefevre@free.fr
CT00594;CL00479;SANCHEZ;François;;;francois.sanchez@@wanadoo.fr
CT00595;CL00480;MOREAU;Marie;Gérant;07 45 27 35 36;marie.moreau@sfr.fr
CT00596;CL00480;GARCIA;Camille;Gérant;06.61.25.59.04;camille.garcia@laposte
CT00597;CL00481;DUBOIS;Marie;Gérante;06 46 60 01 28;marie.dubois@laposte.net
CT00598;CL00482;FRANÇOIS;Céline;;06.29.61.51.20;celine.francois@@gmail.com
CT00599;CL00483;BERTRAND;Chloé;;06.76.65.34.46;chloe.bertrand@sfr.fr
CT00600;CL00484;MARTINEZ;Inès;;06 76 34 60 19;ines.martinez@free.fr
CT00601;CL00485;FAURE;Sandrine;Gérante;0772435861;sandrine.faure@wanadoo.fr
CT00602;CL00485;SIMON;Isabelle;Comptable;06.72.67.08.66;isabelle.simon@free.fr
CT00603;CL00486;DUMONT;Manon;Responsable des achats;+33 6 41 97 68 78;manon.dumont@laposte.net
CT00604;CL00486;PERRIN;Céline;Gérant;33789742235;celine.perrin@laposte.net
CT00605;CL00487;MARTINEZ;Antoine;;+33 7 68 21 21 56;antoine.martinez@free.fr
CT00606;CL00488;THOMAS;Julien;;07 92 06 44 11;julien.thomas@free.fr
CT00607;CL00492;LOPEZ;Antoine;;06 82 73 06 34;antoine.lopez@laposte.net
CT00608;CL00493;ROUSSEAU;Noémie;Comptable;06 88 49 68 06;noemie.rousseau@sfr.fr
CT00609;CL00493;BERNARD;Camille;Gérant;06 12 54 34 12;
CT00610;CL00494;THOMAS;Céline;Assistante de direction;+33 6 32 03 19 78;celine.thomas@sfr.fr
CT00611;CL00494;THOMAS;Pierre;Gérant;0634713171;pierre.thomas@gmail.com
CT00612;CL00497;LOPEZ;Sophie;;06 16 25 90 84;sophie.lopez@wanadoo.fr
CT00613;CL00498;FAURE;Julien;;07 50 11 37 53;julien.faure@wanadoo.fr
CT00614;CL00499;CHEVALIER;Sandrine;;0780727903;sandrine.chevalier@@gmail.com
CT00615;CL00500;FRANÇOIS;Jean;Gérant;07 81 02 48 08;jean.francois@sfr.fr
CT00616;CL00501;DUBOIS;Jean;Comptable;0732362216;jean.dubois@orange.fr
CT00617;CL00501;DUPONT;Chloé;Assistante de direction;07 74 67 06 75;chloe.dupont@wanadoo.fr
CT00618;CL00501;DURAND;Nathalie;Responsable technique;06 15 01 64 26;nathalie.durand@sfr.fr
CT00619;CL00502;FOURNIER;Camille;;+33 6 04 16 91 05;
CT00620;CL00503;ROUSSEL;Chloé;;06 67 58 64 63;chloe.roussel@gmail.com
CT00621;CL00504;ROUSSEAU;Rémi;;33648110501;remi.rousseau@sfr.fr
CT00622;CL00505;BONNET;Julien;Responsable des achats;0681775123;julien.bonnet@orange.fr
CT00623;CL00505;FAURE;Inès;Responsable technique;06 60 97 23 60;ines.faure@gmail.com
CT00624;CL00506;ROBIN;Sandrine;Directrice;0772051710;
CT00625;CL00506;ROUSSEAU;Émilie;Responsable des achats;07 78 37 03 17;emilie.rousseau@gmail.com
CT00626;CL00507;GUÉRIN;Julien;;07 41 48 57 26;julien.guerin@@sfr.fr
CT00627;CL00508;NICOLAS;Thomas;;07 86 27 28;thomas.nicolas@free.fr
CT00628;CL00509;DAVID;Céline;;06 76 32 71 35;celine.david@laposte.net
CT00629;CL00510;GARNIER;François;Assistante de direction;33638687906;francois.garnier@wanadoo.fr
CT00630;CL00510;BOYER;Julien;Assistante de direction;07 93 20 55 34;julien.boyer@sfr.fr
CT00631;CL00511;LEMAIRE;Chloé;Assistante de direction;0656707897;chloe.lemaire@orange.fr
CT00632;CL00511;BERTRAND;Isabelle;Assistante de direction;06.38.42.27.36;isabelle.bertrand@laposte.net
CT00633;CL00511;FONTAINE;Thomas;Gérante;06 27 11 17 57;thomas.fontaine@orange.fr
CT00634;CL00512;PETIT;François;Responsable technique;0698514486;francois.petit@orange.fr
CT00635;CL00512;MERCIER;Isabelle;Assistante de direction;06 14 26 47 10;
CT00636;CL00513;MARTINEZ;Émilie;Responsable des achats;0663705004;emilie.martinez@gmail.com
CT00637;CL00514;LEMAIRE;Émilie;Responsable technique;07 93 17 29 47;emilie.lemaire@orange.fr
CT00638;CL00514;MULLER;Jean;Assistante de direction;+33 6 65 40 25 99;jean.muller@sfr.fr
CT00639;CL00515;DUMONT;Chloé;Gérante;06 72 72 81 29;chloe.dumont@orange.fr
CT00640;CL00516;MATHIEU;Marie;Assistante de direction;07.75.60.20.80;marie.mathieu@free.fr
CT00641;CL00516;HENRY;Olivier;Gérante;0615439044;olivier.henry@orange.fr
CT00642;CL00517;GARCIA;Isabelle;Gérante;06 32 02 35 10;isabelle.garcia@orange.fr
CT00643;CL00517;MATHIEU;Manon;Gérant;07 39 33 32 43;manon.mathieu@free.fr
CT00644;CL00517;FRANÇOIS;Nicolas;Gérant;07 98 31 24 41;nicolas.francois@gmail.com
CT00645;CL00518;MASSON;Antoine;Responsable des achats;0601237631;antoine.masson@sfr.fr
CT00646;CL00518;MERCIER;Julien;Gérant;07 53 62 64 75;julien.mercier@orange.fr
CT00647;CL00519;BERTRAND;Hélène;Gérante;06.84.52.40.32;
CT00648;CL00519;DUMONT;Nathalie;Responsable technique;06.43.21.91.43;
CT00649;CL00520;FAURE;Hugo;Responsable technique;0792542218;hugo.faure@laposte.net
CT00650;CL00520;BERTRAND;Mathieu;Assistante de direction;0776933329;mathieu.bertrand@wanadoo.fr
CT00651;CL00521;PETIT;Camille;Gérante;07.78.46.40.85;camille.petit@sfr.fr
CT00652;CL00521;ANDRÉ;Sandrine;Responsable des achats;06 56 72 62 08;sandrine.andre@sfr.fr
CT00653;CL00522;CLÉMENT;Hugo;;06 55 19 62 82;hugo.clement@orange.fr
CT00654;CL00523;MARTIN;Rémi;;0762472863;remi.martin@gmail.com
CT00655;CL00524;LAURENT;Mathieu;;0623414992;mathieu.laurent@gmail.com
CT00656;CL00377;LEMAIRE;Yannick;Directrice;06 17 40 03 91;yannick.lemaire@laposte.net
CT00657;CL00495;MERCIER;Rémi;Gérante;+33 6 24 71 19 36;remi.mercier@orange.fr
CT00658;CL00377;BLANC;Nicolas;;06 56 46 16;nicolas.blanc@laposte.net
CT00659;CL00283;LOPEZ;Inès;Gérant;06 95 37 23 46;ines.lopez@wanadoo.fr
CT00660;CL00092;GAUTHIER;Sophie;;06 61 09 44 16;sophie.gauthier@orange.fr
CT00661;CL00056;ROUX;Olivier;Comptable;;olivier.roux@free.fr
CT00662;CL00015;DUMONT;Thomas;Gérante;0646175518;
CT00663;CL00055;FAURE;Chloé;;06 42 02 48 37;chloe.faure@sfr.fr
CT00664;CL00049;SIMON;Nathalie;;07 38 69 47 90;nathalie.simon@free.fr
CT00665;CL00490;GARCIA;Hélène;Assistante de direction;06.47.23.86.41;helene.garcia@orange.fr
CT00666;CL00013;GARCIA;Inès;;+33 7 74 21 64 35;ines.garcia@free.fr
CT00667;CL00015;GARCIA;Karim;;07.43.70.66.18;karim.garcia@sfr.fr
CT00668;CL00245;BERTRAND;François;;07 36 81 54 18;francois.bertrand@laposte.net
CT00669;CL00495;THOMAS;Nicolas;Comptable;06 33 74 69 83;nicolas.thomas@laposte.net
CT00670;CL00428;BERNARD;Olivier;;06.82.22.66.79;olivier.bernard@laposte.net
