Réf contrat;N° client;Formule;Montant annuel HT;Date début;Date fin;Statut
CTR-2025-0279;CL00334;Maintenance multi-sites;2 178,47;24/07/2025;23/07/2026;Actif
CTR-2024-0210;CL00254;Entretien annuel chaudière;182,89;25/02/2024;23/02/2025;Actif
CTR-2022-0151;CL00182;Maintenance multi-sites;6 428,48;12/06/2022;11/06/2023;Actif
CTR-2018-0274;CL00327;Contrat Sérénité;575,20;02/05/2018;01/05/2019;Résilié
CTR-2025-0358;CL00434;Contrat Sérénité;590;21/05/2025;20/05/26;Actif
CTR-2025-0124;CL00150;Entretien annuel chaudière;342,14;06/11/2025;05/11/26;Actif
CTR-2020-0092;CL00112;Contrat Sérénité;167,36;16/03/20;15/03/21;Actif
CTR-2019-0344;CL00414;Entretien annuel chaudière;557,46;18/01/2019;17/01/20;Actif
CTR-2025-0242;CL00290;Entretien annuel chaudière;539,94;16/07/2025;15/07/26;Actif
CTR-2022-0149;CL00179;Contrat Sérénité;566,83;25/01/22;24/01/2023;Actif
CTR-2025-0423;CL00515;Contrat Sérénité+;2 778,86;07/01/2025;06/01/2026;Actif
CTR-2020-0084;CL00101;Contrat Sérénité;229,21;10/12/2020;09/12/2021;Résilié
CTR-2018-0138;CL00166;Contrat Sérénité;147,97;21/06/18;20/06/2019;Actif
CTR-2024-0120;CL00146;Contrat Sérénité;154,51;18/09/2024;17/09/25;Actif
CTR-2021-0286;CL00342;Entretien annuel chaudière;181,05 €;27/07/2021;26/07/2022;Actif
CTR-2021-0221;CL00266;Maintenance PAC;3 397,77;07/05/2021;06/05/2022;Actif
CTR-2025-0339;CL00407;Contrat Sérénité;267,91 €;02/03/25;01/03/26;Actif
CTR-2025-0415;CL00507;Contrat Sérénité;576,24 €;13/02/2025;12/02/2026;Actif
CTR-2018-0403;CL00492;Contrat Sérénité;460;12/04/2018;11/04/2019;Suspendu
CTR-2019-0134;CL00162;Maintenance PAC;2 483,85;07/12/2019;05/12/2020;Actif
CTR-2025-0016;CL00021;Maintenance PAC;4 882,91;10/03/2025;09/03/2026;Actif
CTR-2020-0139;CL00168;Maintenance multi-sites;1 211,54;19/05/2020;18/05/2021;Actif
CTR-2018-0170;CL00206;Maintenance PAC;3 588,44;01/07/2018;30/06/2019;Actif
CTR-2021-0185;CL00224;Contrat Sérénité;310;09/04/2021;08/04/2022;Actif
CTR-2020-0202;CL00246;Maintenance multi-sites;2 892,49;03/01/2020;01/01/2021;Actif
CTR-2022-0032;CL00038;Contrat Sérénité;264,55;06/12/22;05/12/2023;Actif
CTR-2020-0212;CL00256;Contrat Sérénité+;5 142,84;21/03/2020;20/03/21;Actif
CTR-2018-0412;CL00504;Contrat Sérénité;282,93 €;08/04/2018;07/04/19;Actif
CTR-2019-0311;CL00369;Maintenance PAC;3 925,06;20/07/2019;18/07/2020;Actif
CTR-2026-0434;CL00109;Maintenance multi-sites;2 315,58;23/10/2026;22/10/2027;Actif
CTR-2025-0369;CL00446;Contrat Sérénité;550;21/12/2025;20/12/2026;Actif
CTR-2020-0409;CL00501;Contrat Sérénité+;5.050;11/09/2020;10/09/2021;Actif
CTR-2023-0090;CL00107;Contrat Sérénité+;3 274,04;21/07/2023;19/07/2024;Actif
CTR-2023-0208;CL00252;Entretien annuel chaudière;465,11 €;19/08/2023;17/08/24;Actif
CTR-2026-0060;CL00072;Contrat Sérénité;452,48;05/10/26;04/10/2027;Résilié
CTR-2023-0155;CL00187;Entretien annuel chaudière;364,79;10/12/23;08/12/2024;Actif
CTR-2019-0237;CL00284;Maintenance PAC;4 264,35;28/07/2019;26/07/2020;Actif
CTR-2019-0363;CL00439;Entretien annuel chaudière;481,87 €;05/06/2019;03/06/20;Actif
CTR-2025-0079;CL00096;Contrat Sérénité;140,25;19/11/25;18/11/26;Actif
CTR-2022-0152;CL00183;Contrat Sérénité+;2 995,54;25/10/2022;24/10/23;Actif
CTR-2018-0309;CL00367;Contrat Sérénité;354,79 €;11/10/2018;10/10/2019;Actif
CTR-2022-0263;CL00314;Maintenance PAC;2 529,84;10/01/2022;09/01/23;Actif
CTR-2022-0319;CL00381;Maintenance PAC;3 146,12;26/05/2022;25/05/2023;Actif
CTR-2023-0099;CL00119;Maintenance PAC;4 179,42;21/07/2023;19/07/2024;Actif
CTR-2018-0370;CL00447;Contrat Sérénité+;4.000;04/04/2018;03/04/2019;Actif
CTR-2024-0143;CL00172;Maintenance PAC;2.628;01/11/2024;31/10/2025;Résilié
CTR-2021-0207;CL00251;Maintenance PAC;3 798,51;12/08/21;11/08/2022;Actif
CTR-2026-0166;CL00202;Maintenance multi-sites;3 152,45;07/11/2026;06/11/27;Actif
CTR-2018-0064;CL00076;Entretien annuel chaudière;404,11;12/01/2018;11/01/2019;Suspendu
CTR-2019-0164;CL00196;Entretien annuel chaudière;318,77;30/09/2019;28/09/20;Actif
CTR-2018-0187;CL00226;Maintenance PAC;900;18/09/2018;17/09/19;Résilié
CTR-2025-0167;CL00203;Contrat Sérénité;320,21;11/04/2025;10/04/2026;Actif
CTR-2025-0252;CL00302;Entretien annuel chaudière;562,58;12/07/25;11/07/26;Actif
CTR-2019-0296;CL00354;Contrat Sérénité+;3 273,26;21/06/2019;19/06/2020;Actif
CTR-2022-0188;CL00227;Maintenance multi-sites;4 690,91 €;15/07/2022;14/07/2023;Résilié
CTR-2021-0010;CL00011;Entretien annuel chaudière;462,80;10/04/2021;09/04/2022;Actif
CTR-2024-0435;CL00109;Maintenance multi-sites;5.400;19/10/2024;18/10/2025;Actif
CTR-2026-0119;CL00145;Contrat Sérénité;476,60;21/08/2026;20/08/2027;Actif
CTR-2019-0297;CL00355;Contrat Sérénité;233,67;23/12/2019;21/12/2020;Suspendu
CTR-2022-0198;CL00238;Maintenance PAC;2 677,66 €;08/06/2022;07/06/2023;Suspendu
CTR-2023-0276;CL00329;Maintenance multi-sites;1 609,37 €;18/03/2023;16/03/2024;Actif
CTR-2021-0374;CL00451;Entretien annuel chaudière;460;20/02/2021;19/02/2022;Suspendu
CTR-2021-0203;CL00247;Contrat Sérénité;386,75;27/03/21;26/03/22;Actif
CTR-2025-0421;CL00513;Maintenance PAC;1.150;28/06/2025;27/06/2026;Actif
CTR-2019-0085;CL00102;Maintenance multi-sites;1 960,70;05/04/19;03/04/2020;Actif
CTR-2026-0376;CL00455;Contrat Sérénité+;1 381,98;21/07/2026;20/07/2027;Actif
CTR-2020-0148;CL00178;Maintenance PAC;2 202,78;23/02/2020;21/02/2021;Actif
CTR-2026-0097;CL00117;Entretien annuel chaudière;559,52;31/03/2026;30/03/2027;Actif
CTR-2021-0230;CL00275;Entretien annuel chaudière;175,89;04/05/2021;03/05/2022;Actif
CTR-2021-0342;CL00411;Maintenance PAC;1 504,44;25/07/2021;24/07/22;Actif
CTR-2023-0022;CL00028;Contrat Sérénité;574,64;16/10/23;14/10/2024;Résilié
CTR-2022-0269;CL00321;Contrat Sérénité;165,61;14/08/2022;13/08/2023;Actif
CTR-2024-0130;CL00157;Maintenance PAC;5 590,84;28/12/2024;27/12/25;Actif
CTR-2019-0181;CL00220;Contrat Sérénité;570;19/10/2019;17/10/20;Actif
CTR-2025-0145;CL00175;Entretien annuel chaudière;520;04/08/2025;03/08/26;Actif
CTR-2023-0265;CL00316;Contrat Sérénité;260;30/08/2023;28/08/2024;Actif
CTR-2023-0253;CL00303;Contrat Sérénité+;6 108,37;23/05/23;21/05/2024;Actif
CTR-2019-0390;CL00473;Entretien annuel chaudière;428,01;24/11/2019;22/11/20;Actif
CTR-2018-0289;CL00345;Contrat Sérénité;222,07;07/02/2018;06/02/2019;Actif
CTR-2025-0294;CL00350;Contrat Sérénité;230;06/03/25;05/03/2026;Actif
CTR-2023-0142;CL00171;Entretien annuel chaudière;360;18/06/2023;16/06/24;Résilié
CTR-2019-0271;CL00323;Maintenance multi-sites;1 891,19;09/08/19;07/08/2020;Actif
CTR-2018-0354;CL00426;Maintenance multi-sites;5 780,48;02/02/2018;01/02/2019;Actif
CTR-2023-0070;CL00083;Contrat Sérénité;148,32;03/04/2023;01/04/2024;Résilié
CTR-2019-0147;CL00177;Maintenance PAC;4 422,76;04/01/2019;03/01/2020;Actif
CTR-2023-0104;CL00124;Maintenance PAC;4 382,75;28/02/23;27/02/24;Actif
CTR-2025-0133;CL00161;Contrat Sérénité;350;18/06/2025;17/06/2026;Actif
CTR-2024-0182;CL00221;Maintenance multi-sites;1 074,59;10/04/24;09/04/2025;Actif
CTR-2024-0072;CL00085;Maintenance multi-sites;4 068,07;21/09/2024;20/09/2025;Actif
CTR-2026-0371;CL00448;Maintenance multi-sites;3 187,43;25/09/2026;24/09/27;Actif
CTR-2022-0226;CL00271;Maintenance PAC;2 436,28;03/09/2022;02/09/2023;Actif
CTR-2021-0228;CL00273;Entretien annuel chaudière;454,13;16/10/2021;15/10/2022;Actif
CTR-2024-0414;CL00506;Contrat Sérénité+;3 508,68 €;12/05/2024;11/05/2025;Résilié
CTR-2026-0105;CL00126;Contrat Sérénité;560;31/01/26;30/01/2027;Actif
CTR-2022-0116;CL00142;Contrat Sérénité+;1.100;27/10/2022;26/10/2023;Actif
CTR-2022-0132;CL00159;Entretien annuel chaudière;327,83;30/06/2022;29/06/2023;Actif
CTR-2026-0262;CL00313;Contrat Sérénité+;3 625,94;00/01/2022;29/01/2027;Actif
CTR-2023-0410;CL00502;Contrat Sérénité;210,74;12/09/2023;10/09/2024;Suspendu
CTR-2019-0111;CL00134;Contrat Sérénité+;3 631,26;09/09/2019;07/09/2020;Actif
CTR-2024-0049;CL00060;Maintenance PAC;6 429,27;16/12/2024;15/12/2025;Résilié
CTR-2018-0041;CL00047;Contrat Sérénité;310;20/07/2018;19/07/19;Suspendu
CTR-2019-0306;CL00364;Contrat Sérénité+;6 645,51;04/03/2019;02/03/20;Actif
CTR-2020-0436;CL00197;Contrat Sérénité+;5 058,13;05/03/20;04/03/2021;Actif
CTR-2025-0378;CL00458;Entretien annuel chaudière;568,28;21/03/2025;20/03/2026;Actif
CTR-2023-0364;CL00440;Contrat Sérénité;161,58;13/05/2023;11/05/24;Actif
CTR-2023-0366;CL00443;Contrat Sérénité+;2 924,46;27/08/23;25/08/2024;Actif
CTR-2021-0217;CL00262;Contrat Sérénité+;4 343,28;01/08/21;31/07/22;Actif
CTR-2026-0222;CL00267;Contrat Sérénité+;4 320,89;12/05/2026;11/05/2027;Actif
CTR-2023-0307;CL00365;Contrat Sérénité;410;13/04/23;11/04/2024;Actif
CTR-2021-0095;CL00115;Maintenance PAC;1 186,86;13/06/2021;12/06/22;Actif
CTR-2023-0235;CL00280;Entretien annuel chaudière;149,43;07/03/2023;05/03/2024;Actif
CTR-2023-0190;CL00229;Contrat Sérénité;588,30 €;17/01/2023;16/01/2024;Actif
CTR-2024-0353;CL00425;Maintenance PAC;6 451,19;08/02/2024;06/02/25;Actif
CTR-2026-0015;CL00020;Maintenance multi-sites;3.850;16/02/2026;15/02/2027;Actif
CTR-2023-0180;CL00219;Entretien annuel chaudière;367,22;20/05/23;18/05/2024;Actif
CTR-2022-0395;CL00480;Maintenance PAC;4 029,58;12/06/2022;11/06/2023;Actif
CTR-2021-0038;CL00044;Contrat Sérénité;405,09;13/11/2021;12/11/2022;Suspendu
CTR-2026-0024;CL00030;Maintenance PAC;1 637,97;21/12/2026;20/12/27;Actif
CTR-2021-0189;CL00228;Contrat Sérénité;454,27;25/01/2021;24/01/22;Actif
CTR-2025-0373;CL00450;Entretien annuel chaudière;439,61 €;13/06/25;12/06/26;Actif
CTR-2023-0086;CL00103;Maintenance PAC;6 487,76;14/03/2023;12/03/2024;Résilié
CTR-2025-0389;CL00472;Contrat Sérénité;454,36 €;01/10/2025;30/09/2026;Actif
CTR-2018-0346;CL00416;Maintenance multi-sites;1 017,10;20/06/2018;19/06/2019;Résilié
CTR-2020-0387;CL00470;Maintenance PAC;3 423,03;06/06/2020;05/06/21;Actif
CTR-2026-0332;CL00397;Contrat Sérénité;366,02;28/01/2026;27/01/2027;Actif
CTR-2021-0243;CL00292;Contrat Sérénité;320,01;04/12/2021;03/12/2022;Actif
CTR-2018-0357;CL00432;Contrat Sérénité+;2 508,02;16/07/2018;15/07/2019;Actif
CTR-2025-0175;CL00214;Entretien annuel chaudière;561,23;13/11/2025;12/11/26;Résilié
CTR-2023-0273;CL00325;Contrat Sérénité;290;27/01/2023;26/01/2024;Actif
CTR-2025-0019;CL00025;Maintenance PAC;6.450;27/01/25;26/01/2026;Actif
CTR-2020-0272;CL00324;Maintenance PAC;4 366,78 €;28/02/20;26/02/2021;Actif
CTR-2026-0419;CL00511;Contrat Sérénité+;2.350;17/02/2026;16/02/2027;Actif
CTR-2026-0365;CL00442;Maintenance multi-sites;1.250;11/05/2026;10/05/27;Actif
CTR-2022-0146;CL00176;Entretien annuel chaudière;417,26;06/11/2022;05/11/23;Actif
CTR-2019-0053;CL00065;Maintenance multi-sites;2 191,95;09/05/19;07/05/2020;Actif
CTR-2022-0334;CL00400;Maintenance PAC;4 646,92;19/07/2022;18/07/2023;Actif
CTR-2025-0214;CL00258;Entretien annuel chaudière;551,90 €;19/10/2025;18/10/2026;Actif
CTR-2019-0046;CL00057;Entretien annuel chaudière;382,61;27/06/2019;25/06/20;Actif
CTR-2025-0241;CL00289;Contrat Sérénité+;3 310,99;28/06/2025;27/06/26;Résilié
CTR-2025-0281;CL00336;Contrat Sérénité;463,14;30/05/2025;29/05/2026;Actif
CTR-2022-0340;CL00408;Contrat Sérénité;448,88;26/04/22;25/04/23;Actif
CTR-2024-0417;CL00509;Entretien annuel chaudière;293,88;22/04/24;21/04/2025;Suspendu
CTR-2023-0338;CL00406;Maintenance multi-sites;5 065,47;14/12/2023;12/12/2024;Actif
CTR-2023-0206;CL00250;Maintenance multi-sites;4 358,39;19/02/23;18/02/24;Actif
CTR-2021-0171;CL00208;Contrat Sérénité;499,97;22/12/2021;21/12/2022;Actif
CTR-2023-0257;CL00307;Contrat Sérénité;271,85;21/09/2023;19/09/2024;Actif
CTR-2020-0313;CL00371;Contrat Sérénité;393,63;03/10/2020;02/10/21;Actif
CTR-2018-0398;CL00483;Entretien annuel chaudière;147,13;10/03/2018;09/03/19;Actif
CTR-2026-0430;CL00522;Contrat Sérénité;490;01/02/2026;31/01/2027;Actif
CTR-2024-0074;CL00087;Entretien annuel chaudière;499,95 €;16/04/2024;15/04/2025;Actif
CTR-2019-0320;CL00382;Entretien annuel chaudière;500,78 €;17/10/2019;15/10/2020;Actif
CTR-2023-0135;CL00163;Contrat Sérénité+;1 192,06;15/12/2023;13/12/24;Actif
CTR-2018-0433;CL00092;Contrat Sérénité+;5 704,67;23/08/2018;22/08/19;Actif
CTR-2024-0283;CL00338;Maintenance PAC;974,09;01/06/24;31/05/25;Actif
CTR-2020-0245;CL00294;Maintenance multi-sites;5 577,67;20/04/2020;19/04/2021;Actif
CTR-2022-0402;CL00488;Entretien annuel chaudière;502,02;01/10/22;30/09/2023;Actif
CTR-2018-0054;CL00066;Entretien annuel chaudière;362,64;22/02/18;21/02/2019;Actif
CTR-2020-0385;CL00468;Contrat Sérénité;370;11/08/2020;10/08/21;Actif
CTR-2024-0201;CL00242;Contrat Sérénité+;6.750;25/10/2024;24/10/2025;Suspendu
CTR-2022-0216;CL00261;Maintenance PAC;2 074,55 €;04/07/22;03/07/23;Actif
CTR-2021-0404;CL00493;Maintenance PAC;6 568,13;03/06/2021;02/06/2022;Actif
CTR-2021-0057;CL00069;Maintenance PAC;2 555,34;25/06/2021;24/06/22;Actif
CTR-2019-0318;CL00379;Contrat Sérénité;265,12;15/08/19;13/08/20;Résilié
CTR-2025-0183;CL00222;Contrat Sérénité+;2 199,27;16/03/25;15/03/2026;Actif
CTR-2026-0098;CL00118;Contrat Sérénité;332,79;21/01/26;20/01/2027;Actif
CTR-2025-0169;CL00205;Contrat Sérénité;522,14;03/12/2025;02/12/26;Actif
CTR-2026-0035;CL00041;Maintenance multi-sites;3 276,13;12/09/26;11/09/2027;Actif
CTR-2018-0396;CL00481;Maintenance multi-sites;1 109,34;18/08/18;17/08/2019;Actif
CTR-2020-0103;CL00123;Contrat Sérénité;350;02/02/20;31/01/2021;Actif
CTR-2026-0393;CL00477;Contrat Sérénité;152,23;28/04/2026;27/04/27;Actif
CTR-2018-0270;CL00322;Contrat Sérénité;225,67;01/02/18;31/01/2019;Actif
CTR-2021-0316;CL00374;Contrat Sérénité+;1 679,79;28/10/2021;27/10/22;Actif
CTR-2022-0109;CL00131;Contrat Sérénité;450,07;18/12/22;17/12/23;Actif
CTR-2021-0197;CL00237;Maintenance PAC;2 597,91;04/02/21;03/02/2022;Actif
CTR-2019-0107;CL00128;Entretien annuel chaudière;460;21/07/2019;19/07/2020;Actif
CTR-2025-0256;CL00306;Contrat Sérénité;548,80;01/02/25;31/01/26;Résilié
CTR-2024-0129;CL00156;Contrat Sérénité;531,30;13/06/24;12/06/2025;Actif
CTR-2019-0173;CL00210;Contrat Sérénité;354,78;05/06/2019;03/06/2020;Actif
CTR-2022-0177;CL00216;Maintenance PAC;4 049,47;29/11/22;28/11/2023;Suspendu
CTR-2020-0191;CL00230;Entretien annuel chaudière;151,93;15/09/2020;14/09/2021;Actif
CTR-2022-0176;CL00215;Entretien annuel chaudière;477,27;24/12/2022;23/12/2023;Actif
CTR-2022-0115;CL00141;Contrat Sérénité;304,44 €;15/11/2022;14/11/2023;Actif
CTR-2020-0113;CL00139;Contrat Sérénité;290,11;02/09/2020;01/09/21;Actif
CTR-2023-0426;CL00518;Maintenance PAC;5 128,89;03/05/2023;01/05/2024;Actif
CTR-2026-0359;CL00435;Contrat Sérénité;220;16/10/2026;15/10/2027;Actif
CTR-2022-0128;CL00155;Contrat Sérénité;468,81;24/04/2022;23/04/2023;Actif
CTR-2025-0337;CL00405;Contrat Sérénité+;6.600;29/04/2025;28/04/2026;Actif
CTR-2018-0260;CL00311;Contrat Sérénité;334,44;30/07/2018;29/07/2019;Actif
CTR-2023-0255;CL00305;Contrat Sérénité;200;04/11/23;02/11/2024;Actif
CTR-2022-0154;CL00185;Entretien annuel chaudière;280;09/07/2022;08/07/2023;Actif
CTR-2026-0238;CL00285;Contrat Sérénité;338,35;13/08/2026;12/08/2027;Actif
CTR-2020-0100;CL00120;Maintenance multi-sites;5 893,01;21/09/20;20/09/2021;Actif
CTR-2022-0288;CL00344;Maintenance PAC;3.586;18/06/2022;17/06/23;Actif
CTR-2025-0277;CL00330;Contrat Sérénité;173,82;27/12/2025;26/12/2026;Actif
CTR-2025-0102;CL00122;Contrat Sérénité;234,93;03/12/25;02/12/2026;Actif
CTR-2025-0158;CL00190;Contrat Sérénité;458,50;14/08/2025;13/08/2026;Actif
CTR-2026-0298;CL00356;Entretien annuel chaudière;220;06/06/2026;05/06/2027;Actif
CTR-2025-0308;CL00366;Contrat Sérénité;385,90;08/11/25;07/11/26;Actif
CTR-2023-0432;CL00524;Contrat Sérénité;156,35 €;16/12/2023;14/12/2024;Actif
CTR-2025-0108;CL00130;Maintenance PAC;2 760,44;18/07/2025;17/07/26;Actif
CTR-2024-0233;CL00278;Contrat Sérénité;413,40;14/08/2024;13/08/2025;Suspendu
CTR-2022-0067;CL00079;Maintenance multi-sites;4 922,73;03/03/2022;02/03/2023;Actif
CTR-2022-0093;CL00113;Entretien annuel chaudière;425,30 €;13/12/2022;12/12/2023;Actif
CTR-2024-0078;CL00095;Contrat Sérénité;496,50 €;19/06/2024;18/06/2025;Actif
CTR-2023-0397;CL00482;Contrat Sérénité;460;06/01/2023;05/01/24;Actif
CTR-2023-0328;CL00390;Maintenance multi-sites;6 483,66;29/01/23;28/01/2024;Résilié
CTR-2024-0301;CL00359;Maintenance multi-sites;1 441,73;10/07/2024;09/07/2025;Actif
CTR-2020-0160;CL00192;Entretien annuel chaudière;339,77;28/11/2020;27/11/21;Actif
CTR-2020-0225;CL00270;Contrat Sérénité;314,93;31/12/2020;30/12/2021;Actif
CTR-2021-0383;CL00464;Maintenance multi-sites;2 111,94;29/11/21;28/11/2022;Actif
CTR-2021-0362;CL00438;Contrat Sérénité+;3 110,18;27/02/21;26/02/22;Actif
CTR-2018-0244;CL00293;Contrat Sérénité+;2 469,44;30/11/2018;29/11/2019;Actif
CTR-2020-0333;CL00398;Entretien annuel chaudière;342,56;18/04/20;17/04/21;Actif
CTR-2022-0196;CL00236;Contrat Sérénité;472,91;21/09/2022;20/09/2023;Actif
CTR-2026-0424;CL00516;Maintenance multi-sites;3 549,85 €;23/06/2026;22/06/27;Actif
CTR-2021-0096;CL00116;Contrat Sérénité;440;03/08/2021;02/08/2022;Actif
CTR-2020-0136;CL00164;Contrat Sérénité;486,20;17/11/2020;16/11/21;Actif
CTR-2022-0284;CL00339;Maintenance multi-sites;4 952,35;27/10/22;26/10/2023;Actif
CTR-2023-0392;CL00475;Contrat Sérénité+;6 648,46 €;20/03/2023;18/03/2024;Actif
CTR-2026-0056;CL00068;Entretien annuel chaudière;371,55;06/02/2026;05/02/2027;Actif
CTR-2025-0047;CL00058;Entretien annuel chaudière;144,12;27/10/2025;26/10/2026;Actif
CTR-2020-0400;CL00485;Contrat Sérénité+;1 974,74;13/01/2020;11/01/21;Actif
CTR-2022-0405;CL00494;Maintenance multi-sites;5 544,47;08/04/2022;07/04/23;Actif
CTR-2021-0156;CL00188;Maintenance PAC;4 382,63;03/07/2021;02/07/22;Actif
CTR-2022-0215;CL00260;Contrat Sérénité;185,50;12/07/2022;11/07/23;Actif
CTR-2020-0137;CL00165;Entretien annuel chaudière;550,38;06/04/20;05/04/2021;Résilié
CTR-2020-0172;CL00209;Entretien annuel chaudière;292,46;12/06/2020;11/06/2021;Actif
CTR-2024-0168;CL00204;Entretien annuel chaudière;490,48;28/07/24;27/07/2025;Actif
CTR-2025-0231;CL00276;Maintenance multi-sites;2 777,69;29/02/2023;04/01/2026;Actif
CTR-2019-0008;CL00009;Contrat Sérénité;455,79;31/02/2023;05/05/2020;Résilié
CTR-2025-0326;CL00388;Contrat Sérénité;268,38;29/06/2025;28/06/2026;Actif
CTR-2026-0224;CL00269;Entretien annuel chaudière;219,08;07/09/2026;06/09/2027;Actif
CTR-2022-0094;CL00114;Maintenance multi-sites;1.650;08/12/2022;07/12/23;Actif
CTR-2024-0292;CL00348;Maintenance PAC;2.600;25/04/2024;24/04/25;Actif
CTR-2024-0069;CL00081;Entretien annuel chaudière;300;24/09/2024;23/09/25;Actif
CTR-2021-0062;CL00074;Maintenance PAC;1 320,37;11/11/21;10/11/2022;Actif
CTR-2018-0379;CL00459;Maintenance multi-sites;1 143,75;27/07/18;26/07/2019;Actif
CTR-2026-0030;CL00036;Maintenance PAC;6.700;15/07/26;14/07/2027;Actif
CTR-2022-0117;CL00143;Maintenance multi-sites;5 666,96;01/01/2022;31/12/2022;Actif
CTR-2022-0003;CL00004;Entretien annuel chaudière;281,03 €;26/06/2022;25/06/2023;Résilié
CTR-2020-0234;CL00279;Contrat Sérénité;200;08/07/2020;07/07/2021;Actif
CTR-2019-0266;CL00317;Contrat Sérénité;304,50;30/06/2019;28/06/2020;Actif
CTR-2022-0013;CL00017;Contrat Sérénité;480;15/02/2022;14/02/23;Actif
CTR-2025-0411;CL00503;Contrat Sérénité;531,94;11/04/2025;10/04/2026;Actif
CTR-2021-0026;CL00032;Contrat Sérénité;432,58;28/08/2021;27/08/2022;Actif
CTR-2025-0372;CL00449;Entretien annuel chaudière;156,77;06/07/2025;05/07/26;Actif
CTR-2022-0399;CL00484;Contrat Sérénité;263,13;23/05/2022;22/05/2023;Actif
CTR-2024-0066;CL00078;Entretien annuel chaudière;404,44;20/01/24;18/01/2025;Actif
CTR-2021-0021;CL00027;Contrat Sérénité;350;27/04/21;26/04/2022;Actif
CTR-2025-0034;CL00040;Maintenance PAC;6 794,42 €;27/12/25;26/12/2026;Résilié
CTR-2024-0349;CL00420;Contrat Sérénité+;2.950;10/04/2024;09/04/2025;Actif
CTR-2023-0368;CL00445;Entretien annuel chaudière;187,62 €;09/07/2023;07/07/2024;Actif
CTR-2026-0011;CL00012;Contrat Sérénité+;2 649,80 €;25/08/2026;24/08/2027;Résilié
CTR-2024-0012;CL00016;Maintenance PAC;6 763,61;05/11/24;04/11/2025;Actif
CTR-2020-0048;CL00059;Contrat Sérénité+;3 732,65;08/08/2020;07/08/2021;Actif
CTR-2022-0247;CL00297;Entretien annuel chaudière;520;29/06/2022;28/06/2023;Actif
CTR-2026-0220;CL00265;Contrat Sérénité;514,41 €;22/03/2026;21/03/2027;Actif
CTR-2022-0249;CL00299;Contrat Sérénité+;4 088,53;05/09/2022;04/09/2023;Actif
CTR-2020-0157;CL00189;Maintenance multi-sites;3 529,34;20/06/2020;19/06/2021;Actif
CTR-2022-0239;CL00287;Contrat Sérénité;477,54;11/05/2022;10/05/2023;Actif
CTR-2024-0007;CL00008;Contrat Sérénité+;3 878,37;09/07/2024;08/07/2025;Actif
CTR-2020-0195;CL00235;Contrat Sérénité;384,44;20/06/2020;19/06/2021;Actif
CTR-2020-0293;CL00349;Maintenance multi-sites;5 579,23;26/06/2020;25/06/21;Actif
CTR-2018-0246;CL00295;Entretien annuel chaudière;460;12/09/18;11/09/2019;Actif
CTR-2019-0045;CL00054;Entretien annuel chaudière;505;30/04/19;28/04/2020;Actif
CTR-2021-0324;CL00386;Contrat Sérénité+;4.500;08/01/2021;07/01/2022;Actif
CTR-2021-0321;CL00383;Entretien annuel chaudière;520;13/07/2021;12/07/2022;Actif
CTR-2018-0213;CL00257;Entretien annuel chaudière;222,44;05/08/2018;04/08/2019;Actif
CTR-2026-0114;CL00140;Entretien annuel chaudière;495,78;01/03/26;28/02/2027;Actif
CTR-2026-0211;CL00255;Maintenance PAC;3 268,95 €;14/07/2026;13/07/2027;Actif
CTR-2026-0063;CL00075;Maintenance multi-sites;3 026,19;24/12/26;23/12/2027;Actif
CTR-2020-0268;CL00320;Contrat Sérénité;454,90;08/01/2020;06/01/21;Actif
CTR-2026-0199;CL00239;Entretien annuel chaudière;168,98;06/06/2026;05/06/2027;Actif
CTR-2025-0040;CL00046;Maintenance PAC;1 964,38;18/12/2025;17/12/26;Résilié
CTR-2025-0356;CL00430;Contrat Sérénité;366,28;10/10/25;09/10/26;Actif
CTR-2022-0017;CL00023;Contrat Sérénité;520;04/04/2022;03/04/2023;Résilié
CTR-2026-0299;CL00357;Contrat Sérénité;207,20 €;01/10/2026;30/09/2027;Actif
CTR-2023-0302;CL00360;Entretien annuel chaudière;305,18;10/07/2023;08/07/2024;Résilié
CTR-2022-0186;CL00225;Contrat Sérénité;176,13;01/01/2022;31/12/2022;Actif
CTR-2019-0087;CL00104;Entretien annuel chaudière;475,97;16/07/2019;14/07/2020;Résilié
CTR-2021-0312;CL00370;Entretien annuel chaudière;225,85;17/03/2021;16/03/2022;Actif
CTR-2025-0121;CL00147;Maintenance multi-sites;5 750,10;16/11/2025;15/11/26;Actif
CTR-2026-0388;CL00471;Maintenance multi-sites;6 349,69;14/09/26;13/09/2027;Actif
CTR-2024-0002;CL00003;Maintenance PAC;4 894,44;03/06/2024;02/06/2025;Actif
CTR-2025-0077;CL00094;Entretien annuel chaudière;477,57;08/03/2025;07/03/2026;Actif
CTR-2025-0082;CL00099;Entretien annuel chaudière;332,45;10/03/2025;09/03/26;Actif
CTR-2018-0336;CL00402;Entretien annuel chaudière;240;01/08/2018;31/07/2019;Actif
CTR-2018-0280;CL00335;Contrat Sérénité;440;13/04/2018;12/04/2019;Actif
CTR-2022-0295;CL00352;Contrat Sérénité;536,67;18/11/22;17/11/2023;Actif
CTR-2025-0031;CL00037;Contrat Sérénité;299,04;26/09/2025;25/09/26;Actif
CTR-2019-0193;CL00232;Maintenance multi-sites;6 740,19 €;20/05/2019;18/05/2020;Actif
CTR-2026-0144;CL00173;Maintenance multi-sites;6 727,75;07/06/26;06/06/2027;Résilié
CTR-2026-0126;CL00152;Maintenance PAC;4 991,70;08/01/2026;07/01/27;Actif
CTR-2019-0303;CL00361;Entretien annuel chaudière;497,06;08/08/2019;06/08/2020;Actif
CTR-2026-0052;CL00063;Contrat Sérénité;330;20/03/26;19/03/27;Actif
CTR-2024-0161;CL00193;Maintenance multi-sites;1 086,76;09/02/24;07/02/2025;Actif
CTR-2020-0323;CL00385;Maintenance multi-sites;5 251,19;05/01/2020;03/01/21;Actif
CTR-2024-0037;CL00043;Entretien annuel chaudière;327,05;14/12/2024;13/12/2025;Actif
CTR-2021-0089;CL00106;Contrat Sérénité;322,17;05/03/2021;04/03/22;Suspendu
CTR-2021-0229;CL00274;Contrat Sérénité;269,63;20/10/2021;19/10/2022;Suspendu
CTR-2018-0347;CL00417;Contrat Sérénité;286,54;02/10/2018;01/10/2019;Actif
CTR-2022-0386;CL00469;Contrat Sérénité;183,33;16/10/2022;15/10/2023;Actif
CTR-2023-0343;CL00413;Contrat Sérénité;543,75;10/03/2023;08/03/2024;Actif
CTR-2018-0382;CL00463;Contrat Sérénité;290;16/01/2018;15/01/2019;Actif
CTR-2022-0023;CL00029;Contrat Sérénité;561,61;13/09/2022;12/09/2023;Actif
CTR-2025-0050;CL00061;Contrat Sérénité;198,40;12/04/2025;11/04/2026;Actif
CTR-2025-0259;CL00309;Contrat Sérénité+;2.650;12/03/25;11/03/26;Suspendu
CTR-2023-0278;CL00333;Maintenance multi-sites;3 552,09;08/04/2023;06/04/24;Actif
CTR-2025-0218;CL00263;Contrat Sérénité;159,91;09/06/2025;08/06/2026;Actif
CTR-2025-0123;CL00149;Entretien annuel chaudière;549,51;20/04/2025;19/04/26;Actif
CTR-2023-0075;CL00088;Contrat Sérénité;210,68;06/02/23;05/02/2024;Actif
CTR-2018-0275;CL00328;Maintenance PAC;4 655,36;01/02/2018;31/01/2019;Résilié
CTR-2025-0036;CL00042;Entretien annuel chaudière;161,77;23/06/2025;22/06/26;Actif
CTR-2023-0153;CL00184;Contrat Sérénité;280;23/05/2023;21/05/24;Actif
CTR-2020-0179;CL00218;Contrat Sérénité;331,70;07/08/20;06/08/2021;Actif
CTR-2020-0377;CL00456;Entretien annuel chaudière;373,99;19/08/2020;18/08/2021;Actif
CTR-2022-0420;CL00512;Maintenance PAC;3 591,28;01/07/2022;30/06/2023;Actif
CTR-2021-0322;CL00384;Entretien annuel chaudière;442,15;29/09/2021;28/09/2022;Suspendu
CTR-2019-0106;CL00127;Contrat Sérénité;139,06;20/01/19;19/01/20;Actif
CTR-2023-0413;CL00505;Contrat Sérénité+;898,73;14/03/2023;12/03/2024;Actif
CTR-2025-0005;CL00006;Entretien annuel chaudière;320,06;07/11/25;06/11/26;Actif
CTR-2020-0140;CL00169;Entretien annuel chaudière;320;03/07/20;02/07/2021;Actif
CTR-2018-0325;CL00387;Entretien annuel chaudière;227,34;18/01/2018;17/01/2019;Suspendu
CTR-2024-0122;CL00148;Maintenance PAC;1 453,50;15/08/2024;14/08/2025;Actif
CTR-2018-0025;CL00031;Maintenance multi-sites;1 892,62;21/08/18;20/08/2019;Résilié
CTR-2024-0384;CL00466;Contrat Sérénité;201,92;09/12/2024;08/12/25;Actif
CTR-2023-0367;CL00444;Contrat Sérénité;280;10/02/2023;09/02/2024;Actif
CTR-2018-0205;CL00249;Contrat Sérénité;270,88 €;09/12/18;08/12/2019;Actif
CTR-2026-0394;CL00478;Contrat Sérénité;387,70;03/10/26;02/10/2027;Actif
CTR-2023-0162;CL00194;Maintenance multi-sites;4.550;17/07/2023;15/07/2024;Actif
CTR-2025-0360;CL00436;Contrat Sérénité;487,12;17/12/2025;16/12/2026;Actif
CTR-2019-0088;CL00105;Contrat Sérénité;392,04;25/05/2019;23/05/2020;Actif
CTR-2023-0355;CL00427;Contrat Sérénité;220;11/02/2023;10/02/2024;Actif
CTR-2022-0361;CL00437;Maintenance multi-sites;2 008,89;27/03/22;26/03/2023;Actif
CTR-2019-0327;CL00389;Contrat Sérénité;434,60;22/04/19;20/04/2020;Actif
CTR-2024-0159;CL00191;Contrat Sérénité;164,09;30/01/2024;28/01/2025;Suspendu
CTR-2018-0406;CL00497;Contrat Sérénité;332,54;26/09/2018;25/09/2019;Actif
CTR-2019-0018;CL00024;Contrat Sérénité;562,71 €;17/01/19;16/01/2020;Actif
CTR-2022-0314;CL00372;Contrat Sérénité;421,49;27/11/2022;26/11/2023;Suspendu
CTR-2018-0285;CL00340;Contrat Sérénité;288,53;01/10/18;30/09/2019;Actif
CTR-2025-0254;CL00304;Maintenance PAC;5 710,63;24/08/2025;23/08/2026;Résilié
CTR-2019-0287;CL00343;Maintenance PAC;971,95;28/07/2019;26/07/2020;Actif
CTR-2024-0125;CL00151;Contrat Sérénité;276,19;20/08/24;19/08/2025;Actif
CTR-2025-0267;CL00318;Maintenance PAC;2.250;02/05/2025;01/05/2026;Actif
CTR-2020-0194;CL00233;Contrat Sérénité;567,51;12/09/2020;11/09/21;Actif
CTR-2020-0331;CL00395;Contrat Sérénité+;1.700;01/04/2020;31/03/21;Suspendu
CTR-2018-0068;CL00080;Contrat Sérénité+;1 786,81;20/02/18;19/02/2019;Actif
CTR-2019-0004;CL00005;Entretien annuel chaudière;590;20/07/2019;18/07/2020;Actif
CTR-2021-0091;CL00110;Maintenance multi-sites;3 513,49;22/06/2021;21/06/2022;Actif
CTR-2018-0006;CL00007;Maintenance PAC;4 288,39 €;13/10/2018;12/10/19;Résilié
CTR-2018-0027;CL00033;Entretien annuel chaudière;470,84;25/01/2018;24/01/2019;Actif
CTR-2022-0163;CL00195;Entretien annuel chaudière;387,02;19/05/2022;18/05/23;Actif
CTR-2026-0141;CL00170;Contrat Sérénité;510,48;21/08/2026;20/08/2027;Actif
CTR-2022-0131;CL00158;Contrat Sérénité+;5 633,71;27/12/2022;26/12/23;Actif
CTR-2020-0029;CL00035;Maintenance multi-sites;4 240,76;19/01/2020;17/01/21;Actif
CTR-2019-0101;CL00121;Contrat Sérénité;150,52;15/02/2019;14/02/2020;Actif
CTR-2024-0192;CL00231;Maintenance multi-sites;3 137,60;13/06/24;12/06/2025;Actif
CTR-2023-0042;CL00050;Contrat Sérénité;483,76;03/12/2023;01/12/24;Actif
CTR-2024-0391;CL00474;Entretien annuel chaudière;510;18/07/24;17/07/2025;Actif
CTR-2021-0305;CL00363;Contrat Sérénité+;5 505,11;25/03/2021;24/03/22;Actif
CTR-2020-0178;CL00217;Maintenance PAC;2 586,94;29/12/2020;28/12/21;Actif
CTR-2026-0150;CL00181;Entretien annuel chaudière;364,89;03/02/26;02/02/2027;Actif
CTR-2026-0330;CL00393;Contrat Sérénité;317,34 €;04/08/26;03/08/2027;Actif
CTR-2022-0380;CL00460;Maintenance PAC;6 301,33 €;07/09/2022;06/09/2023;Actif
CTR-2023-0001;CL00002;Maintenance PAC;3 839,17;08/09/2023;06/09/2024;Actif
CTR-2019-0250;CL00300;Entretien annuel chaudière;270;15/08/2019;13/08/2020;Actif
CTR-2020-0407;CL00498;Contrat Sérénité;259,72;24/03/2020;23/03/21;Actif
CTR-2025-0418;CL00510;Maintenance multi-sites;2 181,59;16/07/2025;15/07/26;Actif
CTR-2024-0264;CL00315;Contrat Sérénité;292,67;17/08/2024;16/08/25;Actif
CTR-2018-0290;CL00346;Contrat Sérénité;458,96;11/05/2018;10/05/2019;Actif
CTR-2023-0071;CL00084;Maintenance multi-sites;4 172,42;02/09/23;31/08/2024;Résilié
CTR-2021-0184;CL00223;Contrat Sérénité;381,43 €;22/11/2021;21/11/2022;Actif
CTR-2021-0014;CL00019;Contrat Sérénité;505,09;12/02/2021;11/02/2022;Actif
CTR-2021-0416;CL00508;Entretien annuel chaudière;444,14;09/12/2021;08/12/2022;Actif
CTR-2026-0427;CL00519;Maintenance PAC;2.450;13/06/2026;12/06/2027;Actif
CTR-2020-0223;CL00268;Contrat Sérénité;387,12;20/09/20;19/09/21;Actif
CTR-2026-0236;CL00281;Contrat Sérénité+;2 479,52;03/09/2026;02/09/2027;Actif
CTR-2022-0425;CL00517;Maintenance PAC;3 481,46 €;30/08/2022;29/08/23;Actif
CTR-2018-0112;CL00135;Maintenance PAC;2 627,49;19/05/2018;18/05/19;Actif
CTR-2019-0227;CL00272;Maintenance PAC;5 475,86;15/10/2019;13/10/2020;Résilié
CTR-2025-0422;CL00514;Maintenance PAC;2 886,22;04/08/2025;03/08/26;Actif
CTR-2026-0039;CL00045;Maintenance multi-sites;2 131,25;15/11/2026;14/11/2027;Actif
CTR-2019-0291;CL00347;Contrat Sérénité;281,21;19/03/2019;17/03/2020;Actif
CTR-2023-0204;CL00248;Entretien annuel chaudière;190;05/04/2023;03/04/2024;Actif
CTR-2023-0127;CL00154;Contrat Sérénité;356,87;24/11/2023;22/11/24;Actif
CTR-2018-0282;CL00337;Contrat Sérénité;500;26/02/2018;25/02/2019;Actif
CTR-2022-0304;CL00362;Contrat Sérénité;348,93;27/04/2022;26/04/2023;Actif
CTR-2024-0051;CL00062;Contrat Sérénité;561,34;26/11/2024;25/11/2025;Actif
CTR-2022-0431;CL00523;Contrat Sérénité;501,53;12/09/2022;11/09/2023;Résilié
CTR-2018-0080;CL00097;Contrat Sérénité+;5 687,08;09/03/18;08/03/2019;Résilié
CTR-2021-0317;CL00375;Entretien annuel chaudière;316,21;17/12/2021;16/12/22;Actif
CTR-2024-0118;CL00144;Contrat Sérénité;407,35;07/06/24;06/06/25;Actif
CTR-2020-0251;CL00301;Entretien annuel chaudière;280;05/12/20;04/12/21;Actif
CTR-2025-0258;CL00308;Maintenance PAC;6 625,22;22/02/2025;21/02/2026;Actif
CTR-2025-0375;CL00454;Maintenance multi-sites;6 730,69;26/03/2025;25/03/26;Actif
CTR-2022-0028;CL00034;Entretien annuel chaudière;147,37;12/03/2022;11/03/2023;Actif
CTR-2022-0381;CL00461;Contrat Sérénité;523,73;24/10/2022;23/10/2023;Suspendu
CTR-2018-0043;CL00052;Maintenance multi-sites;5 005,45;23/07/18;22/07/2019;Résilié
CTR-2024-0315;CL00373;Maintenance multi-sites;3 770,79;02/01/2024;31/12/2024;Actif
CTR-2019-0351;CL00422;Contrat Sérénité;479,03;08/10/2019;06/10/2020;Actif
CTR-2019-0073;CL00086;Entretien annuel chaudière;549,62 €;12/01/2019;11/01/2020;Actif
CTR-2019-0219;CL00264;Entretien annuel chaudière;217,61;18/02/2019;17/02/2020;Actif
CTR-2023-0058;CL00070;Maintenance PAC;5 458,08;30/12/23;28/12/24;Actif
CTR-2019-0261;CL00312;Contrat Sérénité;434,85 €;16/11/2019;14/11/2020;Actif
CTR-2018-0083;CL00100;Contrat Sérénité;213,37 €;29/06/18;28/06/2019;Actif
CTR-2022-0110;CL00132;Contrat Sérénité;280;31/05/22;30/05/2023;Actif
CTR-2026-0232;CL00277;Maintenance PAC;4 287,62;27/05/26;26/05/27;Actif
CTR-2023-0033;CL00039;Contrat Sérénité;297,88;21/09/2023;19/09/2024;Actif
CTR-2020-0174;CL00211;Contrat Sérénité+;6 692,04 €;14/12/20;13/12/21;Actif
CTR-2018-0401;CL00486;Contrat Sérénité+;3 815,93;21/06/2018;20/06/2019;Actif
CTR-2021-0200;CL00241;Contrat Sérénité;427,35;29/12/2021;28/12/2022;Actif
CTR-2024-0065;CL00077;Contrat Sérénité;300;20/01/2024;18/01/2025;Actif
CTR-2022-0310;CL00368;Contrat Sérénité+;1 656,13;18/10/2022;17/10/2023;Actif
CTR-2024-0240;CL00288;Maintenance multi-sites;2 638,42;24/07/2024;23/07/2025;Actif
CTR-2023-0345;CL00415;Maintenance PAC;4 295,90;10/04/23;08/04/2024;Actif
CTR-2022-0059;CL00071;Contrat Sérénité;480,43 €;21/08/2022;20/08/2023;Actif
CTR-2020-0429;CL00521;Maintenance multi-sites;6 501,43 €;20/08/2020;19/08/2021;Actif
CTR-2024-0350;CL00421;Contrat Sérénité+;6.400;13/10/24;12/10/2025;Actif
CTR-2021-0076;CL00089;Maintenance PAC;2 612,78 €;21/01/2021;20/01/2022;Actif
CTR-2019-0209;CL00253;Entretien annuel chaudière;334,34 €;13/01/19;12/01/2020;Actif
CTR-2019-0009;CL00010;Contrat Sérénité;554,85;06/01/2019;05/01/2020;Actif
CTR-2024-0165;CL00201;Contrat Sérénité+;2 835,75;04/10/2024;03/10/25;Actif
CTR-2018-0055;CL00067;Contrat Sérénité;219,88;19/12/2018;18/12/2019;Actif
CTR-2019-0329;CL00391;Maintenance multi-sites;4.450;02/10/2019;30/09/20;Actif
CTR-2024-0348;CL00419;Contrat Sérénité;210,81;27/08/24;26/08/2025;Actif
CTR-2022-0061;CL00073;Entretien annuel chaudière;170;20/04/22;19/04/2023;Actif
CTR-2019-0428;CL00520;Contrat Sérénité+;6 400,81;17/10/19;15/10/2020;Actif
CTR-2018-0248;CL00298;Maintenance PAC;6 340,07;14/07/18;13/07/2019;Suspendu
CTR-2020-0300;CL00358;Maintenance PAC;3 761,98 €;16/05/2020;15/05/2021;Actif
CTR-2020-0341;CL00409;Contrat Sérénité;283,19;08/06/20;07/06/21;Actif
CTR-2018-0081;CL00098;Maintenance PAC;3 207,55;01/08/2018;31/07/19;Actif
CTR-2021-0335;CL00401;Maintenance PAC;4 416,39;17/03/2021;16/03/2022;Actif
CTR-2022-0352;CL00423;Contrat Sérénité;213,24;28/02/2022;27/02/2023;Actif
CTR-2025-0020;CL00026;Contrat Sérénité+;3 242,56;08/03/2025;07/03/26;Actif
CTR-2026-0044;CL00053;Maintenance PAC;4 784,94;20/11/2026;19/11/2027;Suspendu
CTR-2024-0408;CL00500;Maintenance PAC;5 935,32;19/02/24;17/02/2025;Actif
